ID_ALBERO,PROVINCIA,COMUNE,LOCALITA,ALTEZZA,CONTESTO_U,NOME_SCIEN,NOME_VOLGA,CIRC_FUSTO,CRITERI_MO,ALTITUDINE,LATITUDINE,LONGITUDIN,TIPO,PROP_INTER,ETA,ATTO_NAZ,ATTO_REG,ID1,geometry,x,y
03/A388/GE/07,Genova,Arenzano,La Colletta,18,si,Pinus pinea L.,Pino domestico,390,a) eta' e/o dimensioni,50,"44°23'58,05""","8°39'48,53""",Esemplare singolo,NA,100-200,DM5450/2017,DECR4539/2015,21,"c(8.66346738566984, 44.3994750750794, 0)",8.663467385669838,44.39947507507944
03/A647/SV/07,Savona,Bardineto,Fonte del Gombino,31,no,Abies alba Mill.,Abete bianco,389,a) eta' e/o dimensioni,1070,"44°11'03,85""","8°11'05,78""",Esemplare singolo,NA,NA,DM5450/2017,DECR6496/2016,22,"c(8.1848953894802, 44.1844029445392, 0)",8.184895389480204,44.184402944539215
03/A984/IM/07,Imperia,Bordighera,Palazzo comunale,14,si,Ficus macrophylla Desf.ex Pers.,Fico magnolioide,1180,"a) eta' e/o dimensioni, d) rarita' botanica",20,"43°46'45,77""","7°40'21,30""",Esemplare singolo,NA,NA,DM5450/2017,DECR4539/2015,23,"c(7.67249999643683, 43.7794444498472, 0)",7.672499996436833,43.77944444984716
03/B020/IM/07,Imperia,Borgomaro,Conio - Vallone,30,no,Quercus pubescens Willd.,Roverella,427,a) eta' e/o dimensioni,622,"43°58'35,40""","7°54'10,37''",Esemplare singolo,NA,NA,DM5450/2017,DECR4539/2015,24,"c(7.90287940956099, 43.9764426327501, 0)",7.902879409560986,43.9764426327501
03/D969/GE/07,Genova,Genova,Nervi - Salita Morelli 8/11,12.5,si,Schinus molle L.,Falso pepe,186 (med)-213 (max),"a) eta' e/o dimensioni, d) rarita' botanica",50,"44°23'08,78''","9°02'09,62''",Esemplare singolo,NA,100,DM5450/2017,DECR4539/2015,25,"c(9.03596844999355, 44.3857959406736, 0)",9.035968449993545,44.38579594067356
03/E463/SP/07,La Spezia,La Spezia,"Termo - Via Sarzana, 932",25,si,Magnolia grandiflora L.,Magnolia,330,a) eta' e/o dimensioni,27,"44°07°00,92""","9°52'46,21""",Esemplare singolo,NA,NA,DM5450/2017,DECR4539/2015,26,"c(9.87978791635771, 44.1169089741781, 0)",9.879787916357712,44.11690897417808
03/G605/SV/07,Savona,Pietra Ligure,Trabocchetto - Via della Cornice,22,si,Insieme omogeneo di Celtis australis L.,Bagolaro,290 (med)-330 (max),"b) forma e portamento, f) pregio paesaggistico",30,"44°09'00,17""","8°16'54,79""",Insieme omogeneo,si,NA,DM5450/2017,DECR6496/2016,27,"c(8.28183978142918, 44.1499985762145, 0)",8.28183978142918,44.14999857621455
03/H183/GE/07,Genova,Rapallo,Chiesa dI Nostra Signora di Montallegro,"11,0 (med)-16,0 (max)",no,Insieme omogeneo di Quercus ilex L.,Leccio,160 (med)-250 (max),"e) architettura vegetale, f) pregio paesaggistico",590,"44°22'09,37''","9°15'13,53''",Insieme omogeneo,si,NA,DM5450/2017,DECR4539/2015,28,"c(9.25444444261122, 44.3694444472005, 0)",9.254444442611222,44.369444447200486
03/I138/IM/07,Imperia,Sanremo,Giardini A. Nobel,19,si,Phoenix reclinata Jacq,Palma del Senegal,830,"a) eta' e/o dimensioni , d) rarita' botanica",10,"43°49'16,68''","7°47'22,49''",Esemplare singolo,NA,NA,DM5450/2017,DECR4539/2015,29,"c(7.78957725967989, 43.8212571844229, 0)",7.78957725967989,43.82125718442295
03/L430/IM/07,Imperia,Triora,Borniga - Case Abetin,24,no,Acer pseudoplatanus L.,Acero di monte,165 + 30 polloni,"a) eta' e/o dimensioni, b) forma e portamento",1388,"44° 1' 42,96''","7°41'27,38''",Esemplare singolo,NA,NA,DM5450/2017,DECR4539/2015,30,"c(7.69092741372988, 44.0285558646132, 0)",7.690927413729878,44.02855586461315
03/L681/SP/07,La Spezia,Varese Ligure,Sorgenti del Vara,17,no,Fagus sylvatica L.,Faggio,235,b) forma e portamento,1000,"44°24'00,71""","9°28'32,15""",Esemplare singolo,NA,NA,DM5450/2017,DECR4539/2015,31,"c(9.47492285252723, 44.4007509109907, 0)",9.474922852527227,44.400750910990745
04/A984/IM/07,Imperia,Bordighera,"Museo Bcknell -Via Romana, 39",22,si,Ficus macrophylla Desf.ex Pers.,Fico magnolioide,1020,"a) eta' e/o dimensioni,d) rarita' botanica",26,"43°46'55,28""","7°40'02,14""",Esemplare singolo,NA,NA,DM5450/2017,DECR4539/2015,32,"c(7.66722262691342, 43.781944602726, 0)",7.66722262691342,43.78194460272603
04/D969/GE/07,Genova,Genova,Nervi - Villa Groppallo,28,si,Araucaria bidwillii Hook.,Pino del Qeensland,608,"a) eta' e/o dimensioni, d) rarita' botanica",29,"44°22'58,7''","9°02'36,6''",Esemplare singolo,NA,<100,DM5450/2017,DECR4539/2015,33,"c(9.04348999698429, 44.3829834800422, 0)",9.043489996984292,44.38298348004217
04/H183/GE/07,Genova,Rapallo,Villa Tigullio - Parco Comunale L. Casale,27,si,Cinamomum glanduliferum  (Wall.) Meisn.,Falsa canfora,487,a) eta' e/o dimensioni,20,"44°20'46,40''","9°14'21,23''",Esemplare singolo,NA,NA,DM5450/2017,DECR4539/2015,34,"c(9.23916667304026, 44.3461111237062, 0)",9.239166673040259,44.34611112370624
04/I138/IM/07,Imperia,Sanremo,Zampillo - Corso Orazio Raimondo,"15,0 (med)-18,0 (max)",si,Insieme omogeneo di Washingtonia filifera (Linden) H. Wendl.,Palma californiana,250 (med)-350 (max),"a) eta' e/o dimensioni, f) pregio paesaggistico",10,"43°49'04,22''","7°46'46,92''",Insieme omogeneo,si,NA,DM5450/2017,DECR4539/2015,35,"c(7.77983216112051, 43.8178229932985, 0)",7.779832161120509,43.81782299329855
04/L430/IM/07,Imperia,Triora,Chiesa di San Bernardino,20,no,Aesculus hippocastanum L.,Ippocastano,310,a) eta' e/o dimensioni,730,"43°59'30,41''","7°45'50,46''",Esemplare singolo,NA,NA,DM5450/2017,DECR4539/2015,36,"c(7.76405473966894, 43.9917437425965, 0)",7.764054739668943,43.991743742596526
04/L681/SP/07,La Spezia,Varese Ligure,Pecorara,13,no,Laburnum anagyroides Medik.,Maggiociondolo,320,a) eta' e/o dimensioni,1030,"44°25'30,82""","9°35'27,12""",Esemplare singolo,NA,NA,DM5450/2017,DECR4539/2015,37,"c(9.59094452610165, 44.4253958440475, 0)",9.590944526101648,44.42539584404749
05/A984/IM/07,Imperia,Bordighera,Lungomare Argentina,"20,0 (med)-30,0 (max)",si,Insieme omogeneo di Araucaria heterophylla (Salisb.) Franco (=Araucaria excelsa (R. Br. ex Aiton)),Pino di Norfolk,182 (med)-290 (max),"d) rarita' botanica,f) pregio paesaggistico",1,"43° 46' 40,92''","7° 39' 50,55''",Insieme omogeneo,si,NA,DM5450/2017,DECR4539/2015,38,"c(7.66675818084684, 43.7775669675225, 0)",7.666758180846838,43.777566967522475
05/D969/GE/07,Genova,Genova,Sant'Ilario,18,si,Quercus ilex L.,Leccio,352,a) eta' e/o dimensioni,190,"44°23'05,75""","9°03'17,73""",Esemplare singolo,NA,200,DM5450/2017,DECR6496/2016,39,"c(9.05492822201392, 44.3848548508247, 0)",9.054928222013919,44.38485485082465
02/B416/SV/07,Savona,Calizzano,Rio Nero,18.5,no,Castanea sativa Mill.,Castagno,920,a) eta' e/o dimensioni,665,"44°13'45,71''","8°06'50,14''",Esemplare singolo,NA,NA,DM5450/2017,DECR6496/2016,40,"c(8.11390564248436, 44.2294037560573, 0)",8.113905642484358,44.22940375605729
01/E463/SP/07,La Spezia,La Spezia,La Gira,16,si,Quercus ilex L.,Leccio,400,"a) eta' e/o dimensioni, f) pregio paesaggistico",230,"44°07'18,55''","9°47'34,11''",Esemplare singolo,si,NA,DM5450/2017,DECR4539/2015,61,"c(9.79286223061061, 44.1217346127886, 0)",9.79286223061061,44.12173461278862
01/E542/SP/07,La Spezia,Lerici,Piazza Giuseppe Garibaldi,3,si,Tamarix gallica L.,Tamerice,265,a) eta' e/o dimensioni,1,"44°04'26,32""","9°54'33,63""",Esemplare singolo,NA,NA,DM5450/2017,DECR4539/2015,62,"c(9.90955891185829, 44.0739139967234, 0)",9.909558911858289,44.07391399672341
01/E842/SP/07,La Spezia,Maissana,Tavarone,18,no,Ilex aquifolium L.,Agrifoglio,152,a) eta' e/o dimensioni,650,"44°17'57.7159""","9°32'17.2927""",Esemplare singolo,NA,NA,NA,DECR3475-2018 AM-4194,63,"c(9.53813690609818, 44.2993655240361, 0)",9.538136906098183,44.29936552403612
01/E860/SV/07,Savona,Mallare,Ferriera di Codevilla,31,no,Thuja plicata Donn ex D. Don.,Tuia gigante,360,"a) eta' e/o dimensioni, d) rarita' botanica",500,"44°16'51,64""","8°15'55,20""",Esemplare singolo,NA,NA,DM5450/2017,DECR4539/2015,64,"c(8.26538133182398, 44.28108015164, 0)",8.265381331823983,44.28108015163996
02/F609/SP/07,La Spezia,Monterosso,Santuario Madonna di Soviore,"15,0 (med)- 18,0 (max)",no,Insieme omogeneo di Quercus ilex L.,Leccio,280 (med)-350 (max),"f) pregio paesaggistico, g) valore storico, culturale, religioso",495,"44°09'37,05""","9°39'48,58''",Insieme omogeneo,si,NA,DM5450/2017,DECR4539/2015,65,"c(9.66350090251295, 44.1602416999943, 0)",9.66350090251295,44.160241699994266
01/G542/SV/07,Savona,Piana Crixia,Erche -  Case Tappe,11,no,Castanea sativa Mill.,Castagno,630,a) eta' e/o dimensioni,530,"44°31'10,21""","8°15'29,23""",Esemplare singolo,NA,NA,DM5450/2017,DECR4539/2015,66,"c(8.25826192932788, 44.5195780667936, 0)",8.25826192932788,44.51957806679362
01/G605/SV/07,Savona,Pietra Ligure,Pinee,13,no,Ceratonia siliqua L.,Carrubo,345,a) eta' e/o dimensioni,50,"44°08'34,02""","8°15'41,14""",Esemplare singolo,NA,NA,DM5450/2017,DECR4539/2015,67,"c(8.26143873992474, 44.1427600255474, 0)",8.26143873992474,44.142760025547375
01/G925/SP/07,La Spezia,Portovenere,Isola Palmaria - Centro Educazione Ambientale,16.5,no,Pinus pinea L.,Pino domestico,372,f) pregio paesaggistico,120,"44°02'37,08''","9°50'24,60''",Esemplare singolo,si,NA,DM5450/2017,DECR4539/2015,68,"c(9.84036750177647, 44.0436505083071, 0)",9.84036750177647,44.0436505083071
01/H183/GE/07,Genova,Rapallo,Chiesa di Nostra Signora Assunta - Santa Maria del Campo,25,si,Quercus ilex L.,Leccio,417,a) eta' e/o dimensioni,49,"44°21'28,77''","9°11'38,01''",Esemplare singolo,NA,NA,DM5450/2017,DECR4539/2015,69,"c(9.19395334049029, 44.3580088479254, 0)",9.19395334049029,44.35800884792543
01/H266/SV/07,Savona,Rialto,Chiesa di San Pietro,26,no,Cedrus deodara (D. Don) G. Don,Cedro dell'Himalaya,370,"e) architettura vegetale, f) pregio paesaggistico",362,"44°13'34,72""","8°15'50,55""",Esemplare singolo,si,NA,DM5450/2017,DECR6496/2016,70,"c(8.26399779673042, 44.2263013674719, 0)",8.263997796730424,44.226301367471905
01/H461/SP/07,La Spezia,Rocchetta di Vara,Molino Rotato - Pirolo,14.5,no,Quercus pubescens Willd.,Roverella,513,a) eta' e/o dimensioni,710,"44°16'56,26''","9°46'52,46''",Esemplare singolo,NA,NA,DM5450/2017,DECR4539/2015,71,"c(9.78100133242658, 44.2822656889425, 0)",9.78100133242658,44.28226568894247
01/I138/IM/07,Imperia,Sanremo,"Poggio - Via Val d'Olivi, 248",12,no,Olea europaea L.,Olivo,940,"a) eta' e/o dimensioni, g) valore storico, culturale, religioso",129,"43°49'36,5''","7°48'41,09''",Esemplare singolo,si,NA,DM5450/2017,DECR4539/2015,72,"c(7.81149169006516, 43.8267855285903, 0)",7.811491690065164,43.826785528590285
01/I368/GE/07,Genova,Santo Stefano d'Aveto,Allegrezze,18,no,Sequoiadendron giganteum (Lindl.) J. Buchholz,Sequoia gigante,475,a) eta' e/o dimensioni,920,"44°31'52,58''","9°26'13,34''",Esemplare singolo,NA,NA,DM5450/2017,DECR4539/2015,73,"c(9.43695179741483, 44.5311538343421, 0)",9.436951797414833,44.53115383434213
01/I449/SP/07,La Spezia,Sarzana,Vecchio ospedale - Via Agostino Paci,20,si,Cinamomum glanduliferum  (Wall.) Meisn.,Falsa canfora,361,"a) eta' e/o dimensioni, d) rarita' botanica",25,"44°06'48,37""","9°57'47,43""",Esemplare singolo,NA,NA,DM5450/2017,DECR4539/2015,74,"c(9.96320678345111, 44.1134204394425, 0)",9.963206783451112,44.113420439442514
01/I453/SV/07,Savona,Sassello,Pianpaludo - Miculla,25,no,Tilia platyphyllos Scop.,Tiglio nostrale,445,a) eta' e/o dimensioni,890,"44°28'13,93""","8°35'12,60""",Esemplare singolo,NA,NA,DM5450/2017,DECR4539/2015,75,"c(8.58652117867906, 44.4705257057424, 0)",8.586521178679062,44.470525705742425
01/I480/SV/07,Savona,Savona,Pian del Merlo,21,no,Quercus crenata Lam.,Cerro-sughera,250,d) rarita' botanica,485,"44°21'38,76""","8°21'37,37""",Esemplare singolo,NA,NA,DM5450/2017,DECR4539/2015,76,"c(8.36029364368261, 44.360627784653, 0)",8.360293643682606,44.36062778465296
01/A122/SV/07,Savona,Alassio,Cavia,18,si,Abies pinsapo Boiss.,Abete di Spagna,270,d) rarita' botanica,290,"44°1'7.2716""","8°10'7.4213""",Esemplare singolo,NA,NA,NA,DECR3475-2018 AM-4194,77,"c(8.16871619335334, 44.0186966262432, 0)",8.16871619335334,44.018696626243205
01/A226/SV/07,Savona,Altare,Li Piani,38,si,Sequoia sempervirens (D. Don) Endl.,Sequoia sempreverde,570,"a) eta' e/o dimensioni, d) rarita' botanica",400,"44°19'45,04""","8°20'06,57""",Esemplare singolo,NA,NA,DM5450/2017,DECR4539/2015,78,"c(8.33533746217367, 44.3292535947722, 0)",8.335337462173669,44.32925359477216
01/A388/GE/07,Genova,Arenzano,Villa Pallavicini,25,si,Cedrus libani A. Richard,Cedro del Libano,350,d) rarita' botanica,10,"44°24'04,20""","8°40'53,76""",Esemplare singolo,NA,-,DM5450/2017,DECR4539/2015,79,"c(8.68165967581056, 44.4011188279579, 0)",8.681659675810565,44.401118827957916
01/A647/SV/07,Savona,Bardineto,Costa Abeti,21,no,Fagus sylvatica L.,Faggio,430,a) eta' e/o dimensioni,1085,"44°12'07,97""","8°09'50,36""",Esemplare singolo,NA,NA,DM5450/2017,DECR6496/2016,80,"c(8.16399956139224, 44.2022044749032, 0)",8.163999561392238,44.202204474903226
01/A836/SP/07,La Spezia,Beverino,"Palazzo Costa Via Castagna Rossa, 15",29,si,Cedrus libani A. Richard,Cedro del Libano,406,a) eta' e/o dimensioni,180,"44°11'32,45""","9°46'50,7034''",Esemplare singolo,NA,NA,DM5450/2017-sez2,DECR3475-2018 AM-4194,81,"c(9.78074309076681, 44.1922536324644, 0)",9.780743090766812,44.19225363246438
01/A984/IM/07,Imperia,Bordighera,"Museo Bcknell -Via Romana, 39",7.5,si,Wisteria sinensis (Sims) Sweet,Glicine,160,"a) eta' e/o dimensioni, b) forma e portamento",28,"43°46'55,27""","7°40'04,16""",Esemplare singolo,NA,NA,DM5450/2017,DECR4539/2015,82,"c(7.6678349728493, 43.7820065374247, 0)",7.667834972849297,43.78200653742474
01/B020/IM/07,Imperia,Borgomaro,Maro Castello - Prato della Corte,19,no,Quercus pubescens Willd.,Roverella,332,a) eta' e/o dimensioni,295,"43°58'14,26''","7°56'16,81''",Esemplare singolo,NA,NA,DM5450/2017,DECR4539/2015,83,"c(7.93793043877356, 43.9706333181898, 0)",7.937930438773564,43.97063331818979
01/B048/SV/07,Savona,Bormida,Palazzo Pertini - Ferriera,7,si,Ilex aquifolium L.,Agrifoglio,163,a) eta' e/o dimensioni,520,"44°16'05,38""","8°13'49,19""",Esemplare singolo,NA,NA,DM5450/2017,DECR4539/2015,84,"c(8.23028613638614, 44.2681184369766, 0)",8.230286136386136,44.26811843697656
01/B067/GE/07,Genova,Borzonasca,Il Poggio,11,no,Castanea sativa Mill.,Castagno,800,a) eta' e/o dimensioni,675,"44°26'358,65""","9°20'35,05""",Esemplare singolo,NA,>200,DM5450/2017,DECR4539/2015,85,"c(9.34299764332194, 44.4492578579519, 0)",9.34299764332194,44.449257857951935
01/B369/SV/07,Savona,Cairo Montenotte,Traversine,32,no,Fagus sylvatica L.,Faggio,435,a) eta' e/o dimensioni,700,"44°23'02,46""","8°23'49,88""",Esemplare singolo,NA,NA,DM5450/2017,DECR4539/2015,86,"c(8.39726163137183, 44.3840084778257, 0)",8.397261631371833,44.384008477825724
01/B409/SV/07,Savona,Calice Ligure,Carbuta,22,si,Quercus ilex L.,Leccio,580,a) eta' e/o dimensioni,337,"44°13'14,18""","8°18'07,83""",Esemplare singolo,NA,NA,DM5450/2017,DECR4539/2015,87,"c(8.30225085293903, 44.2205683234367, 0)",8.302250852939034,44.22056832343665
01/B410/SP/07,La Spezia,Calice al Cornoviglio,Monte Ferro,18,no,Betulla alba L. syn Betula pubescens Ehrh.,Betulla pubescente,203,a) eta' e/o dimensioni,850,"44°15'09,76""","9°51'38,2712''",Esemplare singolo,NA,NA,DM5450/2017-sez2,DECR3475-2018 AM-4194,88,"c(9.8606308472625, 44.2491615476234, 0)",9.860630847262504,44.249161547623416
01/B416/SV/07,Savona,Calizzano,Coletti,40.5,no,Fagus sylvatica L.,Faggio,360,a) eta' e/o dimensioni,898,"44°14'20,69''","8°10'29,71''",Esemplare singolo,NA,NA,DM5450/2017,DECR6496/2016,89,"c(8.17491067394057, 44.2391250469812, 0)",8.174910673940571,44.239125046981215
01/B956/GE/07,Genova,Casella,"Via Fieschi, 45",30,si,Cedrus libani A. Richard,Cedro del Libano,440,a) eta' e/o dimensioni,428,"44°32'14,44""","8°59'48,05""",Esemplare singolo,NA,>200,DM5450/2017,DECR4539/2015,90,"c(8.9965651238803, 44.5372341753589, 0)",8.996565123880298,44.537234175358925
01/C143/IM/07,Imperia,Castellaro,Chiesa Nostra Signora di Lampedusa,13,no,Quercus ilex L.,Leccio,365,a) eta' e/o dimensioni,360,"43°52'25,4569""","7°51'50,4571''",Esemplare singolo,si,NA,DM5450/2017-sez2,DECR3475-2018 AM-4194,91,"c(7.86395452745402, 43.8737326646352, 0)",7.863954527454023,43.873732664635206
01/C443/SV/07,Savona,Celle Ligure,Via Natta,15,si,Quercus suber L.,Sughera,405,a) eta' e/o dimensioni,42,"44°21'00,81""","8°33'34,66""",Esemplare singolo,NA,NA,DM5450/2017,DECR4539/2015,92,"c(8.55958348275473, 44.3502617005384, 0)",8.559583482754727,44.35026170053839
01/C511/IM/07,Imperia,Ceriana,Passo Furchè,5,no,Castanea sativa Mill.,Castagno,850,"a) eta' e/o dimensioni, b) forma e portamento",979,"43°53'58,74,21""","7°47'03,9442''",Esemplare singolo,NA,NA,DM5450/2017-sez2,DECR3475-2018 AM-4194,93,"c(7.78442893935, 43.8996505868511, 0)",7.784428939350004,43.8996505868511
01/C657/IM/07,Imperia,Chiusanico,Via Diano Castello 12 Casa degli Orti,7.5,no,Arbutus unedo L.,Corbezzolo,155,a) eta' e/o dimensioni,340,"43°58'19.9254""","8°0'11.1772""",Esemplare singolo,NA,NA,NA,DECR3475-2018 AM-4194,94,"c(8.00311840100451, 43.9722212653049, 0)",8.003118401004507,43.972221265304924
01/D293/IM/07,Imperia,Diano Arentino,Diano Borello Chiesa San Michele Arcangelo,15,si,Celtis australis L.,Bagolaro,510,a) eta' e/o dimensioni,199,"43°56'45,9856''","8°03'01,56516''",Esemplare singolo,NA,NA,DM5450/2017-sez2,DECR3475-2018 AM-4194,95,"c(8.05043376395064, 43.9461071162086, 0)",8.050433763950643,43.9461071162086
01/D319/IM/07,Imperia,Dolcedo,Costa Carnara - Nuffian,13,no,Olea europaea L.,Olivo,1392,a) eta' e/o dimensioni,160,"43°53'43,37''","7°56'57,08''",Esemplare singolo,NA,NA,DM5450/2017,DECR4539/2015,96,"c(7.94936774277677, 43.8953256734694, 0)",7.949367742776773,43.89532567346944
01/D600/SV/07,Savona,Finale Ligure,Valle Aquila,24,no,Pinus pinea L.,Pino domestico,475,"a) eta' e/o dimensioni, f) pregio paesaggistico",80,"44°11'02,54""","8°19'18,88""",Esemplare singolo,si,NA,DM5450/2017,DECR4539/2015,97,"c(8.32188795281798, 44.1840046735868, 0)",8.32188795281798,44.18400467358679
01/I926/SV/07,Savona,Spotorno,Mogge,15,no,Quercus ilex L.,Leccio,235,b) forma e portamento,256,"44°14'28,03''","8°23'44,59''",Esemplare singolo,NA,NA,DM5450/2017,DECR4539/2015,98,"c(8.39571761664494, 44.2410702303548, 0)",8.395717616644937,44.241070230354815
01/I947/SV/07,Savona,Stellanello,Cappella di Santa Maria - Duranti,20,no,Quercus pubescens Willd.,Roverella,560,"a) eta' e/o dimensioni, b) forma e portamento",460,"43°59'36,0482''","8°01'25,4108''",Esemplare singolo,NA,NA,DM5450/2017-sez2,DECR3475-2018 AM-4194,99,"c(8.02372525958099, 43.9933466808502, 0)",8.023725259580992,43.9933466808502
02/B839/SP/07,La Spezia,Carrodano,Mattarana Via 1° Maggio,19.5,si,Quercus crenata Lamb.,Cerro - Sughera,295,d) rarita' botanica,490,"44°14'46,6161""","9°36'56.2073""",Esemplare singolo,NA,NA,DM5450/2017-sez2,DECR3475-2018 AM-4194,41,"c(9.6156133316679, 44.2462846031183, 0)",9.615613331667896,44.24628460311828
02/D600/SV/07,Savona,Finale Ligure,"Casa Rocchinotti - Via Domenico Brunenghi, 114",20,si,Magnolia grandiflora L.,Magnolia,365,"a) eta' e/o dimensioni, b) forma e portamento",10,"44°10'23,46""","8°20'01,19""",Esemplare singolo,NA,NA,DM5450/2017,DECR4539/2015,42,"c(8.33368124883751, 44.1731739129361, 0)",8.333681248837506,44.17317391293607
02/D969/GE/07,Genova,Genova,Villa Brignole Sale  Duchessa di Galliera,27,si,Platanus orientalis L.,Platano orientale,497,"a) eta' e/o dimensioni, d) rarita' botanica",26,"44°25'47,37""","8°45'02,34''",Esemplare singolo,NA,100-200,DM5450/2017,DECR4539/2015,43,"c(8.75053106800696, 44.4297884318783, 0)",8.750531068006962,44.42978843187829
02/E463/SP/07,La Spezia,La Spezia,Stazione FF.SS. - Via Paleocapa,21,si,Platanus acerifolia (Aiton) Willd.,Platano comune,412,a) eta' e/o dimensioni,15,"44°06'39,04""","9°48'51,29""",Esemplare singolo,NA,NA,DM5450/2017,DECR4539/2015,44,"c(9.81431066956255, 44.1108397742229, 0)",9.814310669562547,44.110839774222875
02/E632/SV/07,Savona,Loano,Castello Doria,20,no,Cupressus sempervirens L.,Cipresso comune,620,a) eta' e/o dimensioni,26,"44°07'58,0069''","8°15'17,9002''",Esemplare singolo,NA,NA,DM5450/2017-sez2,DECR3475-2018 AM-4194,45,"c(8.25496337927643, 44.1327675254972, 0)",8.254963379276433,44.13276752549715
01/E816/SV/07,Savona,Magliolo,Melogno - Forte Centrale,13,no,Ilex aquifolium L.,Agrifoglio,237,a) eta' e/o dimensioni,1000,"44° 13' 53,68''","08° 12' 02,14''",Esemplare singolo,NA,NA,DM5450/2017-sez2,DECR3475-2018 AM-4194,46,"c(8.20073223039912, 44.2313995429102, 0)",8.200732230399119,44.231399542910246
02/E860/SV/07,Savona,Mallare,Benevento,30,no,Insieme omogeneo di Fagus sylvatica L.,Faggio,492 (med)-760 (max),a) eta' e/o dimensioni,750,"44°15'51,18""","8°17'37,53""",Insieme omogeneo,NA,NA,DM5450/2017,DECR4539/2015,47,"c(8.29416666998388, 44.262222225022, 0)",8.294166669983875,44.26222222502202
02/F609/SP/07,La Spezia,Monterosso,Cimitero comunale,10,si,Pistacia terebintus L.,Terebinto,160,"e) architettura vegetale, g) valore storico, culturale, religioso",90,"44°08'46,54''","9°39'08,83''",Esemplare singolo,si,NA,DM5450/2017,DECR6496/2016,48,"c(9.65262180771861, 44.1461556541877, 0)",9.652621807718608,44.14615565418772
02/G542/SV/07,Savona,Piana Crixia,Nizzè,15.5,no,Quercus petraea (Matt.) Liebl.,Rovere,315,b) forma e portamento,640,"44°29'35,92""","8°14'10,55""",Esemplare singolo,NA,NA,DM5450/2017,DECR4539/2015,49,"c(8.23634960636706, 44.4932955156118, 0)",8.23634960636706,44.493295515611784
02/G605/SV/07,Savona,Pietra Ligure,Piazza Vittorio Emanuele II,24,si,Phoenix dactylifera L.,Palma da datteri,260,"a) eta' e/o dimensioni, d) rarita' botanica",10,"44°08'55,31""","8°16'53,88""",Esemplare singolo,NA,NA,DM5450/2017,DECR6496/2016,50,"c(8.28215860597932, 44.1484210236972, 0)",8.282158605979324,44.14842102369718
02/H183/GE/07,Genova,Rapallo,"Golf Club di Rapallo -Via Goffredo Mameli, 377",33.5,si,Liriodendron tulipifera L.,Albero dei tulipani,380,"a) eta' e/o dimensioni, d) rarita' botanica",40,"44°21'06,55''","9°12'47,66''",Esemplare singolo,NA,NA,DM5450/2017,DECR4539/2015,51,"c(9.21317996952728, 44.3518095387224, 0)",9.213179969527284,44.35180953872245
02/I138/IM/07,Imperia,Sanremo,Parco Marsaglia,12,si,Jubaea chilensis Johow.,Palma gigante del Cile,334,"a) eta' e/o dimensioni, d) rarita' botanica",20,"43°48'48,24''","7°46'01,24''",Esemplare singolo,NA,NA,DM5450/2017,DECR4539/2015,52,"c(7.76700726084374, 43.8133718265366, 0)",7.767007260843742,43.81337182653657
02/I453/SV/07,Savona,Sassello,Pianpaludo,26.7,no,Tilia platyphyllos Scop.,Tiglio nostrale,488,a) eta' e/o dimensioni,894,"44°27'10.7357""","8°34'48.8096""",Esemplare singolo,NA,NA,NA,DECR3475-2018 AM-4194,53,"c(8.58000001545131, 44.4530000130731, 0)",8.580000015451306,44.45300001307307
02/I480/SV/07,Savona,Savona,Trincata,39,no,Picea abies (L.) H. Karst.,Abete rosso,325,a) eta' e/o dimensioni,260,"44°21'56,73""","8°23'06,03""",Esemplare singolo,NA,NA,DM5450/2017,DECR4539/2015,54,"c(8.38530530093882, 44.365908709067, 0)",8.385305300938823,44.36590870906703
02/L167/GE/07,Genova,Tiglieto,Badia,38,no,Insieme omogeneo di Cedrus atlantica (Endl) Carrière,Cedro dell'Atlante,420,a) eta' e/o dimensioni,400,"44°31'15,00''","8°36'16,00""",Insieme omogeneo,NA,NA,DM5450/2017,DECR4539/2015,55,"c(8.60444444406577, 44.5208333362947, 0)",8.604444444065768,44.52083333629469
02/L430/IM/07,Imperia,Triora,Chiesa di Sant'Agostino,28,no,Aesculus hippocastanum L.,Ippocastano,362,a) eta' e/o dimensioni,820,"43°59'41,52''","7°45'47,03''",Esemplare singolo,NA,NA,DM5450/2017,DECR4539/2015,56,"c(7.76304330933616, 43.9948852432249, 0)",7.763043309336156,43.994885243224914
02/L681/SP/07,La Spezia,Varese Ligure,Case Begagin - Taglieto,22,no,Fagus sylvatica L.,Faggio,410,a) eta' e/o dimensioni,1030,"44°25'32,41""","9°35'26,56""",Esemplare singolo,NA,NA,DM5450/2017,DECR4539/2015,57,"c(9.59070253391829, 44.42561915193, 0)",9.590702533918288,44.42561915193001
01/D927/SV/07,Savona,Garlenda,San Rocco,22.5,si,Quercus pubescens Willd.,Roverella,480,a) eta' e/o dimensioni,44,"44°01'52,86""","8°06'47,20""",Esemplare singolo,NA,NA,DM5450/2017,DECR4539/2015,58,"c(8.11310495807113, 44.0312220255294, 0)",8.113104958071132,44.031222025529374
01/E064/SV/07,Savona,Giustenice,Piazza Don Noli,21,si,Cupressus sempervirens L.,Cipresso comune,390,a) eta' e/o dimensioni,30,"44°10'20,96''","8°14'33,25''",Esemplare singolo,NA,NA,DM5450/2017,DECR4539/2015,59,"c(8.24259473990508, 44.1724869745186, 0)",8.24259473990508,44.1724869745186
01/E290/IM/07,Imperia,Imperia,"Palazzo della Provincia - Viale Giacomo Matteotti, 147",26,si,Araucaria bidwillii Hook.,Pino del Qeensland,345,"a) eta' e/o dimensioni, d) rarita' botanica",35,"43°52'59,02""","8°01'18,70''",Esemplare singolo,NA,NA,DM5450/2017,DECR4539/2015,60,"c(8.02181660528719, 43.8830802888613, 0)",8.02181660528719,43.883080288861315
01/L167/GE/07,Genova,Tiglieto,Ponte Medievale,15,no,Quercus petraea (Matt.) Liebl.,Rovere,460,a) eta' e/o dimensioni,380,"44°31'36,00''","8°36'30,00""",Esemplare singolo,NA,NA,DM5450/2017,DECR4539/2015,1,"c(8.60858566364586, 44.5265160307707, 0)",8.60858566364586,44.52651603077068
01/L430/IM/07,Imperia,Triora,Chiesa di Sant'Agostino,25,no,Aesculus hippocastanum L.,Ippocastano,390,a) eta' e/o dimensioni,820,"43°59'41,24''","7°45'46,67''",Esemplare singolo,NA,NA,DM5450/2017,DECR4539/2015,2,"c(7.76297359299818, 43.9947932564673, 0)",7.7629735929981765,43.994793256467304
01/L499/SV/07,Savona,Urbe,Gatazzè,15,no,Taxus baccata L.,Tasso,320,"a) eta' e/o dimensioni, c) valore ecologico",730,"44°29'42,73""","8°38'59,49""",Esemplare singolo,NA,NA,DM5450/2017,DECR4539/2015,3,"c(8.6498098615988, 44.4952110501108, 0)",8.649809861598795,44.49521105011077
01/L546/GE/07,Genova,Valbrevenna,Nenno,15,si,Taxus baccata L.,Tasso,265,a) eta' e/o dimensioni,610,44°33'36'',9°01'38.8'',Esemplare singolo,NA,NA,NA,DECR3475-2018 AM-4194,4,"c(9.02733694421467, 44.559988919568, 0)",9.027336944214667,44.55998891956797
01/L675/SV/07,Savona,Varazze,Castello Marchesi d'Invrea - Piani d'Invrea,19,no,Cedrus atlantica (Endl) Carrière,Cedro dell'Atlante,440,a) eta' e/o dimensioni,70,"44°22'24,9122""","8°37'26,9282""",Esemplare singolo,NA,NA,DM5450/2017-sez2,DECR3475-2018 AM-4194,5,"c(8.62410017997123, 44.3735897593405, 0)",8.62410017997123,44.37358975934055
01/L681/SP/07,La Spezia,Varese Ligure,Lupo morto,7,no,Arbutus unedo L.,Corbezzolo,165,"a) eta' e/o dimensioni, b) forma e portamento",480,"44°20'54,23""","9°36'47,92""",Esemplare singolo,NA,NA,DM5450/2017,DECR4539/2015,6,"c(9.6133624750176, 44.3484119255053, 0)",9.613362475017597,44.34841192550528
01/L741/IM/07,Imperia,Ventimiglia,Villa Hanbury - pressi casa padronale,17,no,Cupressus lusitanica Mill.,Cipresso messicano,520,"a) eta' e/o dimensioni, d) rarita' botanica",76,"43°47'00,57''","7°33'18,07''",Esemplare singolo,NA,NA,DM5450/2017,DECR4539/2015,7,"c(7.55500941488094, 43.7834092317807, 0)",7.5550094148809395,43.783409231780716
01/L774/SP/07,La Spezia,Vernazza,Santuario Nostra Signora di Reggio,23,no,Cupressus sempervirens L.,Cipresso comune,400,"a) eta' e/o dimensioni, e) architettura vegetale",320,"44°08'35,05""","9°41'15,29""",Esemplare singolo,si,NA,DM5450/2017,DECR4539/2015,8,"c(9.68755348738561, 44.1433306896524, 0)",9.687553487385614,44.14333068965239
01/M105/GE/07,Genova,Vobbia,Vallenzona - Costa,15,no,Castanea sativa Mill.,Castagno,648-186-130,a) eta' e/o dimensioni,720,"44°36'07,00''","9°05'19,00''",Esemplare singolo,NA,NA,DM5450/2017,DECR4539/2015,9,"c(9.0886111140404, 44.601944449784, 0)",9.088611114040399,44.60194444978397
01/M197/SV/07,Savona,Zuccarello,Piazza della Posta,30,si,Cedrus atlantica (Endl) Carrière,Cedro dell'Atlante,310,"e)architettura vegetale, f) pregio paesaggistico",120,"44°06'35,70''","8°06'58,18''",Esemplare singolo,si,NA,DM5450/2017,DECR6496/2016,10,"c(8.11622342021042, 44.1099110096666, 0)",8.116223420210416,44.10991100966662
02/A226/SV/07,Savona,Altare,Li Piani,34,si,Abies nordmanniana (Steven) Spach,Abete del Caucaso,350,"a) eta' e/o dimensioni, d) rarita' botanica",400,"44°19'45,32""","8°20'06,92""",Esemplare singolo,NA,NA,DM5450/2017,DECR4539/2015,11,"c(8.33514290322963, 44.3293104595209, 0)",8.335142903229634,44.32931045952091
02/A388/GE/07,Genova,Arenzano,Villa Pallavicini,15,si,Cinamomum glanduliferum  (Wall.) Meisn.,Falsa canfora,350,a) eta' e/o dimensioni,12,"44°24'06,00""","8°41'01,00""",Esemplare singolo,NA,100-200,DM5450/2017,DECR4539/2015,12,"c(8.68373562488236, 44.4016225038912, 0)",8.683735624882358,44.40162250389116
02/A647/SV/07,Savona,Bardineto,Fonte del Gombino,27,no,Abies alba Mill.,Abete bianco,385,a) eta' e/o dimensioni,1100,"44°11'02,59""","8°11'11,44""",Esemplare singolo,NA,NA,DM5450/2017,DECR6496/2016,13,"c(8.18650241748935, 44.1840002477742, 0)",8.186502417489354,44.18400024777424
02/A984/IM/07,Imperia,Bordighera,"Museo Bcknell -Via Romana, 39",20,si,Ficus macrophylla Desf.ex Pers.,Fico magnolioide,975,"a) eta' e/o dimensioni, d) rarita' botanica",25,"43°46'55,12""","7°40'02,66""",Esemplare singolo,NA,NA,DM5450/2017,DECR4539/2015,14,"c(7.66746620606406, 43.7819779090776, 0)",7.667466206064059,43.781977909077604
02/B020/IM/07,Imperia,Borgomaro,Maro Castello - Prato della Corte,19,no,Quercus pubescens Willd.,Roverella,332,a) eta' e/o dimensioni,295,"43°58'13,00''","7°56'16,88''",Esemplare singolo,NA,NA,DM5450/2017,DECR4539/2015,15,"c(7.93801993694483, 43.9705081011266, 0)",7.938019936944832,43.97050810112657
02/B048/SV/07,Savona,Bormida,Resi,20,si,Aesculus hippocastanum L.,Ippocastano,350,a) eta' e/o dimensioni,630,"44°17'08,78""","8°14'15,06""",Esemplare singolo,NA,NA,DM5450/2017,DECR6496/2016,16,"c(8.23770002831463, 44.2858014680169, 0)",8.237700028314634,44.28580146801694
02/B067/GE/07,Genova,Borzonasca,Abbazia di Borzone,26,no,Cupressus sempervirens L.,Cipresso comune,325,a) eta' e/o dimensioni,335,"44°25'24,78""","9°24'36,95""",Esemplare singolo,NA,>200,DM5450/2017,DECR4539/2015,17,"c(9.41026209140528, 44.4235585149191, 0)",9.41026209140528,44.42355851491913
02/B369/SV/07,Savona,Cairo Montenotte,Cascina Miera - Castellazzo,37,no,Fagus sylvatica L.,Faggio,460,a) eta' e/o dimensioni,730,"44°23'22,56""","8°22'51,38""",Esemplare singolo,NA,NA,DM5450/2017,DECR4539/2015,18,"c(8.38494380734864, 44.3873492291359, 0)",8.38494380734864,44.38734922913588
02/L741/IM/07,Imperia,Ventimiglia,Villa Hanbury - pressi casa padronale,22,no,Araucaria cunninghamii Alton ex D. Don,Pino della baia di Moreton,260,"d) rarita' botanica, g) valore storico, culturale, religioso",70,"43°47'00,41''","7°33'16,78''",Esemplare singolo,NA,NA,DM5450/2017,DECR4539/2015,19,"c(7.5547343539265, 43.7834777831859, 0)",7.554734353926505,43.78347778318591
02/L774/SP/07,La Spezia,Vernazza,Santuario Nostra Signora di Reggio,"18,0 (med)-21,0 (max)",no,Insieme omogeneo di Quercus ilex L.,Leccio,300 (med)-350 (max),"e) architettura vegetale, f) pregio paesaggistico",320,"44°08'35,84""","9°41'15,33""",Insieme omogeneo,si,NA,DM5450/2017,DECR4539/2015,20,"c(9.68749999945636, 44.1436111129327, 0)",9.687499999456362,44.14361111293273
05/H183/GE/07,Genova,Rapallo,Villa Tigullio - Parco Comunale L. Casale,30,si,Eucaliptus globulus Labill.,Eucalitto,530,a) eta' e/o dimensioni,20,"44°20'46,51''","9°14'18,99''",Esemplare singolo,NA,NA,DM5450/2017,DECR4539/2015,100,"c(9.23916667304026, 44.3461111237062, 0)",9.239166673040259,44.34611112370624
05/I480/SV/07,Savona,Savona,"Varnazzino - Via Beato Antonio Botta, 35",21,si,Pinus pinea L.,Pino domestico,400,a) eta' e/o dimensioni,85,"44°19'36,15''","8°27'59,81''",Esemplare singolo,NA,NA,DM5450/2017,DECR6496/2016,101,"c(8.46669789168847, 44.3265962316926, 0)",8.466697891688467,44.326596231692605
05/L681/SP/07,La Spezia,Varese Ligure,Cesena,25,si,Quercus pubescens Willd.,Roverella,405,a) eta' e/o dimensioni,430,"44°21'52,16""","9°35'00,73""",Esemplare singolo,NA,NA,DM5450/2017,DECR4539/2015,102,"c(9.58381359160328, 44.3643640403963, 0)",9.583813591603278,44.364364040396296
06/A984/IM/07,Imperia,Bordighera,Via Tumiati  angolo Via Romana,40,si,Pinus canariensis Chr. P. Sim.,Pino delle Canarie,390,"a) eta' e/o dimensioni, d) rarita' botanica",21,"43°46'52,85""","7°40'13,22""",Esemplare singolo,NA,NA,DM5450/2017,DECR4539/2015,103,"c(7.67000044774182, 43.781274824454, 0)",7.670000447741817,43.781274824454044
06/H183/GE/07,Genova,Rapallo,Villa Tigullio - Parco Comunale L. Casale,25,si,Cupressus macrocarpa Hartw.,Cipresso di Monterey,631,a) eta' e/o dimensioni,20,"44°20'48,01'","9°14'22,97''",Esemplare singolo,NA,NA,DM5450/2017,DECR4539/2015,104,"c(9.23972222780733, 44.3466666781689, 0)",9.239722227807333,44.34666667816891
06/L681/SP/07,La Spezia,Varese Ligure,Casareggio,16,si,Quercus crenata Lam.,Cerro-sughera,560,a) eta' e/o dimensioni,650,"44°25'01,44""","9°32'09,32""",Esemplare singolo,NA,NA,DM5450/2017,DECR4539/2015,105,"c(9.53797837647449, 44.4125390361644, 0)",9.537978376474495,44.412539036164404
03/L741/IM/07,Imperia,Ventimiglia,"Mortola Inferiore, Vico Hanbury 8",21,si,Brachychiton x roseus Guymer,NA,300,"a) età e/o dimensioni, d) rarità botanica, f) pregio paesaggistico",142,"43°47'05.79""","7°33'16.51""",Esemplare singolo,NA,120,NA,DECR8220-2019 AM-8918,106,"c(7.55458688061086, 43.7849421104909, 0)",7.554586880610863,43.78494211049091
06/D969/GE/07,Genova,Genova,Montesignano Chiesa S. Michele Arcangelo,15,si,Quercus ilex L.,Leccio,257,"g) valore storico, culturale, religioso",60,"44°26'10.28""","8°57'57.20""",Esemplare singolo,NA,>200,NA,DECR8220-2019 AM-8918,107,"c(8.96589001499048, 44.4361907547911, 0)",8.965890014990482,44.43619075479113
07/D969/GE/07,Genova,Genova,Pegli Parco Villa Doria P.zza Bonavino,30 (med),si,Insieme Omogeneo di Sequoia sempervirens Endl.,Sequoia,250 (med) - 410 (max),"a) eta' e/o dimensioni, d) rarita' botanica, f) pregio paesaggistico",100,44°26'02.35'',8°48'52.33'',Insieme Omogeneo,NA,NA,NA,DECR8220-2019 AM-8918,108,"c(8.81453483496391, 44.4339885318115, 0)",8.814534834963913,44.43398853181154
08/D969/GE/07,Genova,Genova,Pegli Piazza Lido,8 (med),si,Insieme omogeneo di Yucca Elephantipes Reg.(sin. Y.gigantea Lem.Y.guatemalensis Bak.),Yucca piede di elefante,130 (med) - 136 (max),"a) eta' e/o dimensioni , d) rarita' botanica, f) pregio paesaggistico",5,44°25'27.4'',8°48'11.1'',Insieme omogeneo,NA,120,NA,DECR8220-2019 AM-8918,109,"c(8.80307398151981, 44.4242883220818, 0)",8.80307398151981,44.42428832208176
01/A922/GE/07,Genova,Bogliasco,Via Mazzini 123,"6,8",si,Arbutus unedo L.,Corbezzolo,65+57+44,"f) pregio paesaggistico g) valore storico, culturale,religioso",20,"44° 22' 45.30""","9° 4'  8.28""",Esemplare singolo,NA,NA,NA,DECR69-2021,110,"c(9.06896700047113, 44.3792490045762, 0)",9.068967000471131,44.37924900457621
01/L546/GE/07,Genova,Valbrevenna,Maggie,"7,8",no,Quercus crenata Lam,cerrosughera,74,d) rarità botanica,1300,"44° 34' 36.23""","9° 7' 49.15""",Esemplare singolo,NA,NA,NA,DECR69-2021,111,"c(9.13034138568788, 44.5768065623653, 0)",9.13034138568788,44.57680656236534
02/M105/GE/07,Genova,Vobbia,Monte Buio,"6,3",no,Quercus crenata Lam,cerrosughera,60,d) rarità botanica,1350,"44° 35'  2.40""","9° 6' 32.98""",Esemplare singolo,NA,NA,NA,DECR69-2021,112,"c(9.10916002584763, 44.5840000065775, 0)",9.109160025847626,44.58400000657754
01/E488/GE/07,Genova,Lavagna,Santa Giulia di Centaura,NA,sì,Quercus ilex L.,Leccio,NA,"a) età e  dimensioni; 
f) pregio paesaggistico        g) valore storico, culturale, religioso",NA,44° 18' 10.33'',9° 22' 23.01'',NA,si,NA,Decreto Direttoriale n. 330598 del 26/07/2022,DECR 3143/2022,113,"c(9.37308143497687, 44.3028187995777, 0)",9.373081434976868,44.30281879957766
04/F858/GE/07,Genova,Ne,Monte Porcile,NA,no,Fagus sylvatica L.,Faggio,NA,a) età e  dimensioni;,NA,44° 21' 6.2'',9°30' 46.1'',NA,NA,NA,Decreto Direttoriale n. 330598 del 26/07/2022,DECR 3143/2022,114,"c(9.51282840135131, 44.3516721337219, 0)",9.51282840135131,44.35167213372192
01/H258/GE/07,Genova,Rezzoaglio,"Foresta delle Lame, Bosco Fontana",NA,no,Fagus sylvatica L.,Faggio,NA,"a) età e  dimensioni;
f) pregio paesaggistico; 
g) valore storico, culturale, religioso",NA,44°29'16.46'',9° 25' 14.82'',NA,NA,NA,Decreto Direttoriale n. 330598 del 26/07/2022,DECR 3143/2022,115,"c(9.42080622020878, 44.4878539182939, 0)",9.420806220208778,44.4878539182939
01/M182/GE/07,Genova,Zoagli,Piazza XXVII dicembre,NA,sì,Quercus ilex L.,Leccio,NA,"f) pregio paesaggistico        g) valore storico, culturale, religioso",NA,44° 20' 13.95'',9° 16' 0.84'',NA,si,NA,Decreto Direttoriale n. 330598 del 26/07/2022,DECR 3143/2022,116,"c(9.26694302037687, 44.337154811225, 0)",9.26694302037687,44.337154811225005
02/F858/GE/07,Genova,Ne,Monte Porcile,NA,no,Fagus sylvatica L.,Faggio,NA,"a) età e  dimensioni;
b) forma o portamento",NA,44° 21' 6.59'',"
9° 30' 45.63''",NA,NA,NA,Decreto Direttoriale n. 330598 del 26/07/2022,DECR 3143/2022,117,"c(9.5126989193003, 44.3518630621578, 0)",9.5126989193003,44.3518630621578
02/H258/GE/07,Genova,Rezzoaglio,"Foresta delle Lame, Bosco Fontana",NA,no,Insieme omogeneo di Fagus sylvatica L.,Faggio,NA,"f) pregio paesaggistico; 
g) valore storico, culturale, religioso",NA,"44° 29' 14,04''","9° 25' 24,16''",NA,NA,NA,Decreto Direttoriale n. 330598 del 26/07/2022,DECR 3143/2022,118,"c(9.42340069459749, 44.487181693758, 0)",9.423400694597488,44.48718169375802
01/I346/GE/07,Genova,Sant'Olcese,Comago Parco Villa Serra,NA,sì,Quercus cerris L.,Cerro,NA,"a) età e  dimensioni;
b) forma o portamento;
f) pregio paesaggistico        g) valore storico, culturale, religioso",NA,44° 28' 53.51'',8° 55' 32.12'',NA,si,NA,Decreto Direttoriale n. 330598 del 26/07/2022,DECR 3143/2022,119,"c(8.92561260693392, 44.4814786630471, 0)",8.92561260693392,44.481478663047056
01/I640/GE/07,Genova,Serra Riccò,Gualdrà AVML,NA,no,Quercus cerris L.,Cerro,NA,"a) età e/o dimensioni;
c) valore ecologico",NA,44° 32' 12.52'',8° 57' 42.44'',NA,si,NA,Decreto Direttoriale n. 330598 del 26/07/2022,DECR 3143/2022,120,"c(8.96181259935277, 44.5367588367654, 0)",8.96181259935277,44.536758836765436
03/F858/GE/07,Genova,Ne,Monte Porcile,NA,no,Fagus sylvatica L.,Faggio,NA,"a) età e  dimensioni;
b) forma o portamento",NA,44° 21' 6.98'',9° 30' 45.28'',NA,NA,NA,Decreto Direttoriale n. 330598 del 26/07/2022,DECR 3143/2022,121,"c(9.5126988491504, 44.3517797456432, 0)",9.512698849150398,44.35177974564325
02/I346/GE/07,Genova,Sant'Olcese,Comago Parco Villa Serra,NA,sì,Sequoia sempervirens (D. Don) Endl.,Sequoia,NA,"a) età e  dimensioni;
b) forma o portamento;
f) pregio paesaggistico        g) valore storico, culturale, religioso",NA,"
44° 28' 51.56''","
8° 55' 21.58''",NA,si,NA,Decreto Direttoriale n. 330598 del 26/07/2022,DECR 3143/2022,122,"c(8.9226826184466, 44.4809386636353, 0)",8.922682618446599,44.4809386636353
02/I640/GE/07,Genova,Serra Riccò,Gualdrà AVML,NA,no,Quercus cerris L.,Cerro,NA,"a) età e/o dimensioni;
c) valore ecologico",NA,"
44° 32' 11.58''","
8° 57' 38.02''",NA,si,NA,Decreto Direttoriale n. 330598 del 26/07/2022,DECR 3143/2022,123,"c(8.96058260779861, 44.5364988397721, 0)",8.96058260779861,44.53649883977206
03/I346/GE/07,Genova,Sant'Olcese,Comago Parco Villa Serra,NA,sì,Insieme omogeneo di Sequoia sempervirens (D. Don) Endl.,Sequoia,NA,"a) età e  dimensioni;
b) forma o portamento;
f) pregio paesaggistico        g) valore storico, culturale, religioso",NA,44° 28' 56.2'',8° 55' 20.78'',NA,si,NA,Decreto Direttoriale n. 330598 del 26/07/2022,DECR 3143/2022,124,"c(8.9224615102926, 44.4822264459688, 0)",8.922461510292603,44.48222644596883
09/D969/GE/07,Genova,Genova,Palazzo Tursi - Sede Comune di Genova,NA,sì,Fagus sylvatica L. cv asplenifolia,Faggio a foglie di felce,NA,"a) età e  dimensioni;
d) rarità botanica;
f) pregio paesaggistico        g) valore storico, culturale, religioso",NA,"
44° 24' 41.43''","
8° 55' 56.36''",NA,si,NA,Decreto Direttoriale n. 330598 del 26/07/2022,DECR 3143/2022,125,"c(8.93234252852757, 44.4114585977297, 0)",8.932342528527569,44.41145859772966
10/D969/GE/07,Genova,Genova,Cornigliano - Villa Bickey,NA,no,Cinnamomum glanduliferum (Wall.) Meisn.,Falsa canfora,NA,"a) età e  dimensioni; 
f) pregio paesaggistico",NA,44° 24' 58.67'',8° 52' 21.85'',NA,si,NA,Decreto Direttoriale n. 330598 del 26/07/2022,DECR 3143/2022,126,"c(8.87275884372525, 44.4162457972479, 0)",8.87275884372525,44.416245797247925
11/D969/GE/07,Genova,Genova,Pegli - Parco storico Villa Durazzo Pallavicini,NA,no,Jubaea chilensis Johow.,Cocco del Cile,NA,"a) età e  dimensioni;
f) pregio paesaggistico",NA,44° 25' 47.53'',8° 49' 3.47'',NA,si,NA,Decreto Direttoriale n. 330598 del 26/07/2022,DECR 3143/2022,127,"c(8.81765287250473, 44.4298185541333, 0)",8.817652872504732,44.42981855413335
12/D969/GE/07,Genova,Genova,Pegli - Parco storico Villa Durazzo Pallavicini,NA,no,Cinnamomum glanduliferum (Wall.) Meisn.,Falsa canfora,NA,"a) età e  dimensioni;
f) pregio paesaggistico",NA,44° 25' 47.53'',8° 49' 3.47'',NA,si,NA,Decreto Direttoriale n. 330598 del 26/07/2022,DECR 3143/2022,128,"c(8.81766554547165, 44.4298182979026, 0)",8.81766554547165,44.429818297902564
13/D969/GE/07,Genova,Genova,Pegli - Parco storico Villa Durazzo Pallavicini,NA,no,Cinnamomum camphora (L.) J. Presl,Canfora,NA,"a) età e  dimensioni;
f) pregio paesaggistico",NA,44° 25' 52.28'',8° 49' 1.63'',NA,si,NA,Decreto Direttoriale n. 330598 del 26/07/2022,DECR 3143/2022,129,"c(8.81714287507927, 44.4311385572139, 0)",8.81714287507927,44.43113855721389
14/D969/GE/07,Genova,Genova,Pegli - Parco storico Villa Durazzo Pallavicini,NA,no,Cedrus libani A.Richard,Cedro del Libano,NA,"a) età e  dimensioni;
f) pregio paesaggistico",NA,44° 25' 52.28'',8° 49' 1.63'',NA,si,NA,Decreto Direttoriale n. 330598 del 26/07/2022,DECR 3143/2022,130,"c(8.81716798203481, 44.4311365037301, 0)",8.817167982034812,44.43113650373006
