nom_latin;nom_vernaculaire;site_de_plantation;annee_de_plantation;observation;quartier;code_insee_commune;date_mise_a_jour;source;geo_point_2d;geo_shape
Celtis australis;Micocoulier de Provence;Rue de la Picotière;2021;;Lac de Maine;49007;03/2022;VILLE D ANGERS - DIRECTION PARCS JARDINS ET PAYSAGES;47.4664390003,-0.5982214999;"{""coordinates"": [-0.5982214999, 47.4664390003, 0], ""type"": ""Point""}"
Cedrus libani 'Glauca';Cèdre bleu du Liban;Rue Marcel Cerdan;2021;;Doutre - Saint-Jacques - Nazareth;49007;03/2022;VILLE D ANGERS - DIRECTION PARCS JARDINS ET PAYSAGES;47.4817578004,-0.5728994005;"{""coordinates"": [-0.5728994005, 47.4817578004, 0], ""type"": ""Point""}"
Quercus bivoniana;Chêne à feuille d'olivier;Route de Bouchemaine;2021;;La Roseraie;49007;03/2022;VILLE D ANGERS - DIRECTION PARCS JARDINS ET PAYSAGES;47.4452770014,-0.576105;"{""coordinates"": [-0.576105, 47.4452770014, 0], ""type"": ""Point""}"
Acer x zoeschense 'Annae';Erable de Zoeschen Annae;Rue Frédéric Mistral;2021;;Doutre - Saint-Jacques - Nazareth;49007;03/2022;VILLE D ANGERS - DIRECTION PARCS JARDINS ET PAYSAGES;47.4887663008,-0.5801736996;"{""coordinates"": [-0.5801736996, 47.4887663008, 0], ""type"": ""Point""}"
Fraxinus americana 'Autumn Applause';Frêne d'Amérique Autumn Applause;Rue Charles Peguy;2021;;Justices - Madeleine - Saint-Léonard;49007;03/2022;VILLE D ANGERS - DIRECTION PARCS JARDINS ET PAYSAGES;47.4624975006,-0.5230938009;"{""coordinates"": [-0.5230938009, 47.4624975006, 0], ""type"": ""Point""}"
Acer x freemanii CELEBRATION;Erable hybride Célébration;Rue Frédéric Mistral;2020;;Doutre - Saint-Jacques - Nazareth;49007;03/2022;VILLE D ANGERS - DIRECTION PARCS JARDINS ET PAYSAGES;47.4878908011,-0.5779622996;"{""coordinates"": [-0.5779622996, 47.4878908011, 0], ""type"": ""Point""}"
Magnolia 'Galaxy';Magnolia hybride Galaxie;Rue Louis Legendre;2020;;Centre Ville - La Fayette - Eblé;49007;03/2022;VILLE D ANGERS - DIRECTION PARCS JARDINS ET PAYSAGES;47.4670005017,-0.5330271005;"{""coordinates"": [-0.5330271005, 47.4670005017, 0], ""type"": ""Point""}"
Koelreuteria paniculata;Savonnier paniculé;Rue Léon Faye/ Parvis collège Debussy;2020;;Monplaisir;49007;03/2022;VILLE D ANGERS - DIRECTION PARCS JARDINS ET PAYSAGES;47.4892248015,-0.5152636001;"{""coordinates"": [-0.5152636001, 47.4892248015, 0], ""type"": ""Point""}"
Robinia pseudoacacia;Robinier faux acacia;Rue de Monteclair/ Rue Haute de Reculée;2020;;Hauts de Saint-Aubin;49007;03/2022;VILLE D ANGERS - DIRECTION PARCS JARDINS ET PAYSAGES;47.4836808007,-0.5532864008;"{""coordinates"": [-0.5532864008, 47.4836808007, 0], ""type"": ""Point""}"
Zelkova carpinifolia;Faux-orme de Sibérie;Boulevard Albert Blanchoin/ Rue du château d'Orgemont;2020;;La Roseraie;49007;03/2022;VILLE D ANGERS - DIRECTION PARCS JARDINS ET PAYSAGES;47.4474531008,-0.5431470008;"{""coordinates"": [-0.5431470008, 47.4474531008, 0], ""type"": ""Point""}"
Liquidambar styraciflua;Copalme d'Amérique;Parc St Serge;2020;;Saint-Serge - Ney - Chalouère;49007;03/2022;VILLE D ANGERS - DIRECTION PARCS JARDINS ET PAYSAGES;47.482706301,-0.5456596997;"{""coordinates"": [-0.5456596997, 47.482706301, 0], ""type"": ""Point""}"
Koelreuteria paniculata;Savonnier paniculé;Avenue Jean Joxé/ Giratoire du MIN;2020;;Saint-Serge - Ney - Chalouère;49007;03/2022;VILLE D ANGERS - DIRECTION PARCS JARDINS ET PAYSAGES;47.481845701,-0.5432466994;"{""coordinates"": [-0.5432466994, 47.481845701, 0], ""type"": ""Point""}"
Koelreuteria paniculata;Savonnier paniculé;Jardin en étoile;2019;;Hauts de Saint-Aubin;49007;03/2022;VILLE D ANGERS - DIRECTION PARCS JARDINS ET PAYSAGES;47.4907623008,-0.5672669001;"{""coordinates"": [-0.5672669001, 47.4907623008, 0], ""type"": ""Point""}"
Acer x freemanii AUTUMN BLAZE;Erable hybride Autumn Blaze;Parvis Ice Park;2019;;Saint-Serge - Ney - Chalouère;49007;03/2022;VILLE D ANGERS - DIRECTION PARCS JARDINS ET PAYSAGES;47.4797007008,-0.5497115996;"{""coordinates"": [-0.5497115996, 47.4797007008, 0], ""type"": ""Point""}"
Larix decidua;Mélèze commun;Square Alphonse Daudet;2021;;Doutre - Saint-Jacques - Nazareth;49007;03/2022;VILLE D ANGERS - DIRECTION PARCS JARDINS ET PAYSAGES;47.4872653013,-0.5798172998;"{""coordinates"": [-0.5798172998, 47.4872653013, 0], ""type"": ""Point""}"
Zelkova carpinifolia;Faux-orme de Sibérie;Promenade Jean Turc;2019;;Centre Ville - La Fayette - Eblé;49007;03/2022;VILLE D ANGERS - DIRECTION PARCS JARDINS ET PAYSAGES;47.4723828011,-0.5575815999;"{""coordinates"": [-0.5575815999, 47.4723828011, 0], ""type"": ""Point""}"
Acer rubrum;Erable rouge d'Amérique;Rue René la Combe;2021;;Doutre - Saint-Jacques - Nazareth;49007;03/2022;VILLE D ANGERS - DIRECTION PARCS JARDINS ET PAYSAGES;47.4862586009,-0.581135401;"{""coordinates"": [-0.581135401, 47.4862586009, 0], ""type"": ""Point""}"
Morus bombycis;Mûrier à feuilles de platane;Rue de la Chambre aux Deniers;2022;;Lac de Maine;49007;03/2022;VILLE D ANGERS - DIRECTION PARCS JARDINS ET PAYSAGES;47.4656632002,-0.6016954999;"{""coordinates"": [-0.6016954999, 47.4656632002, 0], ""type"": ""Point""}"
Pterocarya fraxinifolia;Ptérocaryer à feuilles de frêne;Boulevard Jacqueline Auriol;2022;;Hauts de Saint-Aubin;49007;03/2022;VILLE D ANGERS - DIRECTION PARCS JARDINS ET PAYSAGES;47.4936782996,-0.5655675004;"{""coordinates"": [-0.5655675004, 47.4936782996, 0], ""type"": ""Point""}"
Platanus orientalis 'Minaret';Platane d'Orient Minaret;Rue des petites Musses (giratoire Promenade de La Baumette);2022;;La Roseraie;49007;03/2022;VILLE D ANGERS - DIRECTION PARCS JARDINS ET PAYSAGES;47.45622,-0.5717348;"{""coordinates"": [-0.5717348, 47.45622, 0], ""type"": ""Point""}"
Quercus rysophila 'Maya';Chêne du Mexique Maya;Rue des petites Musses (giratoire Promenade de La Baumette);2022;;La Roseraie;49007;03/2022;VILLE D ANGERS - DIRECTION PARCS JARDINS ET PAYSAGES;47.4562144996,-0.5715102006;"{""coordinates"": [-0.5715102006, 47.4562144996, 0], ""type"": ""Point""}"
Nyssa sylvatica;Tupélo de Chine;Avenue de Lattre de Tassigny (giratoire Grande Toccata);2022;;La Roseraie;49007;03/2022;VILLE D ANGERS - DIRECTION PARCS JARDINS ET PAYSAGES;47.4483186004,-0.5384418999;"{""coordinates"": [-0.5384418999, 47.4483186004, 0], ""type"": ""Point""}"
Magnolia x loebneri 'Merrill';Magnolia hybride de Loebner Merrill;Rue Gay Lussac/ Rue Saint-Jean;2022;;Doutre - Saint-Jacques - Nazareth;49007;03/2022;VILLE D ANGERS - DIRECTION PARCS JARDINS ET PAYSAGES;47.4776150999,-0.5581199994;"{""coordinates"": [-0.5581199994, 47.4776150999, 0], ""type"": ""Point""}"
Acer rubrum 'October Glory';Erable du Canada ou rouge 'October Glory';Route de Briollay;2022;;Monplaisir;49007;03/2022;VILLE D ANGERS - DIRECTION PARCS JARDINS ET PAYSAGES;47.4894721003,-0.5309341;"{""coordinates"": [-0.5309341, 47.4894721003, 0], ""type"": ""Point""}"
Quercus nigra;Chêne noir;Echangeur Belle Beille / Bd Vioctor Beaussier;2022;;Belle-Beille;49007;03/2022;VILLE D ANGERS - DIRECTION PARCS JARDINS ET PAYSAGES;47.4706966001,-0.5999642004;"{""coordinates"": [-0.5999642004, 47.4706966001, 0], ""type"": ""Point""}"
Quercus imbricaria;Chêne à lattes;Place Pierre Mendès France;2020;;Centre Ville - La Fayette - Eblé;49007;03/2022;VILLE D ANGERS - DIRECTION PARCS JARDINS ET PAYSAGES;47.4735328005,-0.5451297;"{""coordinates"": [-0.5451297, 47.4735328005, 0], ""type"": ""Point""}"
Ulmus x hollandica 'Lobel';Orme hybride Lobel;Rue Desmazières/ Rue St-Léonard;2020;;Justices - Madeleine - Saint-Léonard;49007;03/2022;VILLE D ANGERS - DIRECTION PARCS JARDINS ET PAYSAGES;47.462532501,-0.5347664002;"{""coordinates"": [-0.5347664002, 47.462532501, 0], ""type"": ""Point""}"
Carpinus betulus 'Orange Retz';Charme commun Orange Retz;Place des Justices (Trois-Mâts);2022;;Justices - Madeleine - Saint-Léonard;49007;03/2022;VILLE D ANGERS - DIRECTION PARCS JARDINS ET PAYSAGES;47.4531332997,-0.5258059005;"{""coordinates"": [-0.5258059005, 47.4531332997, 0], ""type"": ""Point""}"
Quercus acutissima;Chêne à dents de scie;Rue des Gouronnières (résidences);2022;;Doutre - Saint-Jacques - Nazareth;49007;03/2022;VILLE D ANGERS - DIRECTION PARCS JARDINS ET PAYSAGES;47.4832386998,-0.5724493993;"{""coordinates"": [-0.5724493993, 47.4832386998, 0], ""type"": ""Point""}"
Morus bombycis;Mûrier à feuilles de platane;Rue de la Chambre aux Deniers;2022;;Lac de Maine;49007;03/2022;VILLE D ANGERS - DIRECTION PARCS JARDINS ET PAYSAGES;47.4656487005,-0.6015399;"{""coordinates"": [-0.6015399, 47.4656487005, 0], ""type"": ""Point""}"
Cedrus atlantica 'Glauca';Cèdre bleu de l'Altas;Avenue Jean Joxé;2021;;Saint-Serge - Ney - Chalouère;49007;03/2022;VILLE D ANGERS - DIRECTION PARCS JARDINS ET PAYSAGES;47.4812162008,-0.5431538996;"{""coordinates"": [-0.5431538996, 47.4812162008, 0], ""type"": ""Point""}"
Acer saccharinum;Erable argenté;Stade Bertin;2021;;Doutre - Saint-Jacques - Nazareth;49007;03/2022;VILLE D ANGERS - DIRECTION PARCS JARDINS ET PAYSAGES;47.4825786006,-0.5715214997;"{""coordinates"": [-0.5715214997, 47.4825786006, 0], ""type"": ""Point""}"
Platanus x hispanica;Platane à feuilles d'érable;Boulevard Charles Barangé;2021;;Centre Ville - La Fayette - Eblé;49007;03/2022;VILLE D ANGERS - DIRECTION PARCS JARDINS ET PAYSAGES;47.4610161013,-0.5723667006;"{""coordinates"": [-0.5723667006, 47.4610161013, 0], ""type"": ""Point""}"
Quercus suber;Chêne-liège;Hameau de la Fontaine;2021;;Lac de Maine;49007;03/2022;VILLE D ANGERS - DIRECTION PARCS JARDINS ET PAYSAGES;47.461360101,-0.5976680003;"{""coordinates"": [-0.5976680003, 47.461360101, 0], ""type"": ""Point""}"
Styphnolobium japonicum;Sophora du Japon;Allée Grande Capucine;2021;;Hauts de Saint-Aubin;49007;03/2022;VILLE D ANGERS - DIRECTION PARCS JARDINS ET PAYSAGES;47.4920369014,-0.5680427007;"{""coordinates"": [-0.5680427007, 47.4920369014, 0], ""type"": ""Point""}"
Toona sinensis;Cédrèle de Chine;Place de la Fraternité;2021;;Hauts de Saint-Aubin;49007;03/2022;VILLE D ANGERS - DIRECTION PARCS JARDINS ET PAYSAGES;47.4915198006,-0.5606724002;"{""coordinates"": [-0.5606724002, 47.4915198006, 0], ""type"": ""Point""}"
Tilia argentea;Tilleul argenté;Rue André Gide;2021;;Doutre - Saint-Jacques - Nazareth;49007;03/2022;VILLE D ANGERS - DIRECTION PARCS JARDINS ET PAYSAGES;47.4853463003,-0.5746812997;"{""coordinates"": [-0.5746812997, 47.4853463003, 0], ""type"": ""Point""}"
Koelreuteria paniculata;Savonnier paniculé;Rue Barra/ Eglise Ste Thérèse;2021;;Doutre - Saint-Jacques - Nazareth;49007;03/2022;VILLE D ANGERS - DIRECTION PARCS JARDINS ET PAYSAGES;47.4808344006,-0.5641219006;"{""coordinates"": [-0.5641219006, 47.4808344006, 0], ""type"": ""Point""}"
Acer cissifolium;Erable à feuilles de vigne;Rue du Point du Jour;2021;;Deux-Croix - Banchais;49007;03/2022;VILLE D ANGERS - DIRECTION PARCS JARDINS ET PAYSAGES;47.4843900013,-0.5151582003;"{""coordinates"": [-0.5151582003, 47.4843900013, 0], ""type"": ""Point""}"
Fraxinus angustifolia 'Raywood';Frêne à feuilles étroites Raywood;Place Ney;2020;;Saint-Serge - Ney - Chalouère;49007;03/2022;VILLE D ANGERS - DIRECTION PARCS JARDINS ET PAYSAGES;47.4781170011,-0.5437569003;"{""coordinates"": [-0.5437569003, 47.4781170011, 0], ""type"": ""Point""}"
Acer cappadocicum;Erable de Colchide;Rue Nicolas Appert;2020;;Monplaisir;49007;03/2022;VILLE D ANGERS - DIRECTION PARCS JARDINS ET PAYSAGES;47.488348301,-0.5394907006;"{""coordinates"": [-0.5394907006, 47.488348301, 0], ""type"": ""Point""}"
Acer buergerianum;Erable de Buerger ou E. trident;Avenue du Lac de Maine;2020;;Lac de Maine;49007;03/2022;VILLE D ANGERS - DIRECTION PARCS JARDINS ET PAYSAGES;47.4642717012,-0.5942757002;"{""coordinates"": [-0.5942757002, 47.4642717012, 0], ""type"": ""Point""}"
Platanus x acerifolia;Platane commun;Rue du Grand Montréjeau;2020;;Deux-Croix - Banchais;49267;03/2022;VILLE D ANGERS - DIRECTION PARCS JARDINS ET PAYSAGES;47.4662547012,-0.5192599;"{""coordinates"": [-0.5192599, 47.4662547012, 0], ""type"": ""Point""}"
Pterocarya fraxinifolia;Ptérocaryer à feuilles de frêne;Rue des Noyers;2020;;Justices - Madeleine - Saint-Léonard;49007;03/2022;VILLE D ANGERS - DIRECTION PARCS JARDINS ET PAYSAGES;47.4656365016,-0.5316760003;"{""coordinates"": [-0.5316760003, 47.4656365016, 0], ""type"": ""Point""}"
Magnolia 'Galaxy';Magnolia hybride Galaxie;Boulevard de la Marianne;2020;;Justices - Madeleine - Saint-Léonard;49007;03/2022;VILLE D ANGERS - DIRECTION PARCS JARDINS ET PAYSAGES;47.4523459007,-0.5246161004;"{""coordinates"": [-0.5246161004, 47.4523459007, 0], ""type"": ""Point""}"
Prunus subhirtella 'Autumnalis';Cerisier du Japon Autumnalis ou Cerisier d'hiver Autumnalis;Allée Raymond Aron/ Rue de la Chambre aux Deniers;2020;;Lac de Maine;49007;03/2022;VILLE D ANGERS - DIRECTION PARCS JARDINS ET PAYSAGES;47.4665596004,-0.606285201;"{""coordinates"": [-0.606285201, 47.4665596004, 0], ""type"": ""Point""}"
Euodia daniellii;Arbre à miel;Esplanade Coeur de Maine;2019;;Centre Ville - La Fayette - Eblé;49007;03/2022;VILLE D ANGERS - DIRECTION PARCS JARDINS ET PAYSAGES;47.4734767015,-0.5560534997;"{""coordinates"": [-0.5560534997, 47.4734767015, 0], ""type"": ""Point""}"
Aesculus hippocastanum;Marronnier d'Inde;Plaine de jeux Marcel Pagnol;2020;;La Roseraie;49007;03/2022;VILLE D ANGERS - DIRECTION PARCS JARDINS ET PAYSAGES;47.4483630003,-0.5562415999;"{""coordinates"": [-0.5562415999, 47.4483630003, 0], ""type"": ""Point""}"
Acer campestre;Erable champêtre;Rue Saumuroise/ Rue du Colombier;2019;;Justices - Madeleine - Saint-Léonard;49007;03/2022;VILLE D ANGERS - DIRECTION PARCS JARDINS ET PAYSAGES;47.4571371014,-0.5321415003;"{""coordinates"": [-0.5321415003, 47.4571371014, 0], ""type"": ""Point""}"
Eucalyptus pauciflora subsp. niphophila;Gommier des neiges;Avenue du Lac de Maine/Rue de la Chambre aux Deniers;2022;;Lac de Maine;49007;03/2022;VILLE D ANGERS - DIRECTION PARCS JARDINS ET PAYSAGES;47.4647736997,-0.5937048003;"{""coordinates"": [-0.5937048003, 47.4647736997, 0], ""type"": ""Point""}"
Fraxinus americana;Frêne d'Amérique;Boulevard Albert Camus;2022;;Doutre - Saint-Jacques - Nazareth;49007;03/2022;VILLE D ANGERS - DIRECTION PARCS JARDINS ET PAYSAGES;47.4783166996,-0.5766808994;"{""coordinates"": [-0.5766808994, 47.4783166996, 0], ""type"": ""Point""}"
Pseudotsuga menziesii;Sapin de Douglas ou Pin d'Oregon;Boulevard Albert Camus;2022;;Doutre - Saint-Jacques - Nazareth;49007;03/2022;VILLE D ANGERS - DIRECTION PARCS JARDINS ET PAYSAGES;47.4779497001,-0.5767231005;"{""coordinates"": [-0.5767231005, 47.4779497001, 0], ""type"": ""Point""}"
Acer cappadocicum 'Rubrum';Erable de colchide rouge ou E. de Cappadoce;Rue des Gouronnières/ Rue Marcel Cerdan;2022;;Doutre - Saint-Jacques - Nazareth;49007;03/2022;VILLE D ANGERS - DIRECTION PARCS JARDINS ET PAYSAGES;47.4832006004,-0.5715013005;"{""coordinates"": [-0.5715013005, 47.4832006004, 0], ""type"": ""Point""}"
Sequoiadendron giganteum 'Compactum';Sequoia géant compact;Jardin des Plantes;2019;;Saint-Serge - Ney - Chalouère;49007;03/2022;VILLE D ANGERS - DIRECTION PARCS JARDINS ET PAYSAGES;47.4751285013,-0.5441268004;"{""coordinates"": [-0.5441268004, 47.4751285013, 0], ""type"": ""Point""}"
Platanus x hispanica;Platane à feuilles d'érable;Boulevard Charles Barangé;2021;;Centre Ville - La Fayette - Eblé;49007;03/2022;VILLE D ANGERS - DIRECTION PARCS JARDINS ET PAYSAGES;47.4616835007,-0.5720448007;"{""coordinates"": [-0.5720448007, 47.4616835007, 0], ""type"": ""Point""}"
Sequoiadendron giganteum 'Compactum';Sequoia géant compact;Parc de l'Arboretum;2019;;La Roseraie;49007;03/2022;VILLE D ANGERS - DIRECTION PARCS JARDINS ET PAYSAGES;47.451303001,-0.5438474002;"{""coordinates"": [-0.5438474002, 47.451303001, 0], ""type"": ""Point""}"
Acer ginnala;Erable du fleuve Amour;Boulevard Elisabeth Boselli;2021;;Hauts de Saint-Aubin;49007;03/2022;VILLE D ANGERS - DIRECTION PARCS JARDINS ET PAYSAGES;47.4953639008,-0.5726348994;"{""coordinates"": [-0.5726348994, 47.4953639008, 0], ""type"": ""Point""}"
Arbutus unedo;Arbousier commun;Parking Paul Bert;2019;;Centre Ville - La Fayette - Eblé;49007;03/2022;VILLE D ANGERS - DIRECTION PARCS JARDINS ET PAYSAGES;47.4650952011,-0.5498695994;"{""coordinates"": [-0.5498695994, 47.4650952011, 0], ""type"": ""Point""}"
Prunus padus;Merisier à grappes;Avenue de Lattre de Tassigny;2021;;Justices - Madeleine - Saint-Léonard;49007;03/2022;VILLE D ANGERS - DIRECTION PARCS JARDINS ET PAYSAGES;47.4561583012,-0.5433050003;"{""coordinates"": [-0.5433050003, 47.4561583012, 0], ""type"": ""Point""}"
Platanus orientalis;Platane d'Orient;Boulevard Charles Barangé/ Chemin des Musses;2019;;La Roseraie;49007;03/2022;VILLE D ANGERS - DIRECTION PARCS JARDINS ET PAYSAGES;47.455633601,-0.5694874002;"{""coordinates"": [-0.5694874002, 47.455633601, 0], ""type"": ""Point""}"
Acer pensylvanicum;Erable de Pensylvanie;Square Honoré Daumier;2021;;Monplaisir;49007;03/2022;VILLE D ANGERS - DIRECTION PARCS JARDINS ET PAYSAGES;47.4897654013,-0.5330141997;"{""coordinates"": [-0.5330141997, 47.4897654013, 0], ""type"": ""Point""}"
Platanus orientalis;Platane d'Orient;Boulevard Charles Barangé/ Chemin des Musses;2019;;La Roseraie;49007;03/2022;VILLE D ANGERS - DIRECTION PARCS JARDINS ET PAYSAGES;47.455635501,-0.5694631999;"{""coordinates"": [-0.5694631999, 47.455635501, 0], ""type"": ""Point""}"
Acer campestre;Erable champêtre;Chemin des Hautes Fouassières;2020;;Belle-Beille;49007;03/2022;VILLE D ANGERS - DIRECTION PARCS JARDINS ET PAYSAGES;47.4715863005,-0.5830600997;"{""coordinates"": [-0.5830600997, 47.4715863005, 0], ""type"": ""Point""}"
Quercus rysophila 'Maya';Chêne du Mexique Maya;Square de la Chouanière;2021;;Lac de Maine;49007;03/2022;VILLE D ANGERS - DIRECTION PARCS JARDINS ET PAYSAGES;47.4574358015,-0.598460499;"{""coordinates"": [-0.598460499, 47.4574358015, 0], ""type"": ""Point""}"
Ginkgo biloba;Arbre aux quarante écus;Giratoire des Trois Paroisses;2020;;Justices - Madeleine - Saint-Léonard;49007;03/2022;VILLE D ANGERS - DIRECTION PARCS JARDINS ET PAYSAGES;47.4443866005,-0.5356849999;"{""coordinates"": [-0.5356849999, 47.4443866005, 0], ""type"": ""Point""}"
Catalpa bignonioides;Catalpa commun;Place Aqua Vita;2021;;Hauts de Saint-Aubin;49007;03/2022;VILLE D ANGERS - DIRECTION PARCS JARDINS ET PAYSAGES;47.4930882007,-0.5676430996;"{""coordinates"": [-0.5676430996, 47.4930882007, 0], ""type"": ""Point""}"
Acer x freemanii 'Armstrong';Erable hybride Armstrong;Rue Marguerite Yourcenar;2021;;Justices - Madeleine - Saint-Léonard;49007;03/2022;VILLE D ANGERS - DIRECTION PARCS JARDINS ET PAYSAGES;47.4483473012,-0.5313189003;"{""coordinates"": [-0.5313189003, 47.4483473012, 0], ""type"": ""Point""}"
Acer x freemanii CELEBRATION;Erable hybride Célébration;Route de Bouchemaine;2021;;La Roseraie;49007;03/2022;VILLE D ANGERS - DIRECTION PARCS JARDINS ET PAYSAGES;47.4542806006,-0.5680816;"{""coordinates"": [-0.5680816, 47.4542806006, 0], ""type"": ""Point""}"
Catalpa bignonioides;Catalpa commun;Place Aqua Vita;2021;;Hauts de Saint-Aubin;49007;03/2022;VILLE D ANGERS - DIRECTION PARCS JARDINS ET PAYSAGES;47.4930809011,-0.5673320006;"{""coordinates"": [-0.5673320006, 47.4930809011, 0], ""type"": ""Point""}"
Acer platanoides;Erable plane;Cours St Laud Sud;2020;;Centre Ville - La Fayette - Eblé;49007;03/2022;VILLE D ANGERS - DIRECTION PARCS JARDINS ET PAYSAGES;47.4631981013,-0.559412399;"{""coordinates"": [-0.559412399, 47.4631981013, 0], ""type"": ""Point""}"
Tilia argentea;Tilleul argenté;Rue André Gide;2021;;Doutre - Saint-Jacques - Nazareth;49007;03/2022;VILLE D ANGERS - DIRECTION PARCS JARDINS ET PAYSAGES;47.4853019012,-0.5745163002;"{""coordinates"": [-0.5745163002, 47.4853019012, 0], ""type"": ""Point""}"
Acer saccharinum var. wieri;Erable argenté Wieri;Carré Haffner - Bd des 2 Croix;2019;;Deux-Croix - Banchais;49007;03/2022;VILLE D ANGERS - DIRECTION PARCS JARDINS ET PAYSAGES;47.4756776008,-0.5288593994;"{""coordinates"": [-0.5288593994, 47.4756776008, 0], ""type"": ""Point""}"
Acer campestre 'Red Shine';Erable champêtre Red Shine;Rue du Point du Jour;2021;;Deux-Croix - Banchais;49007;03/2022;VILLE D ANGERS - DIRECTION PARCS JARDINS ET PAYSAGES;47.4842993008,-0.5157616997;"{""coordinates"": [-0.5157616997, 47.4842993008, 0], ""type"": ""Point""}"
Taxodium distichum;Cyprès chauve;Place Gregoire Bordillon/ Rue Corne de Cerf;2022;;Doutre - Saint-Jacques - Nazareth;49007;03/2022;VILLE D ANGERS - DIRECTION PARCS JARDINS ET PAYSAGES;47.4741619999,-0.5623317995;"{""coordinates"": [-0.5623317995, 47.4741619999, 0], ""type"": ""Point""}"
Styphnolobium japonicum;Sophora du Japon;Allée des Hydrangeas;2020;;Lac de Maine;49007;03/2022;VILLE D ANGERS - DIRECTION PARCS JARDINS ET PAYSAGES;47.4668866009,-0.5972409997;"{""coordinates"": [-0.5972409997, 47.4668866009, 0], ""type"": ""Point""}"
Acer rubrum;Erable rouge d'Amérique;Rue des Gouronnières/ Avenue René Gasnier;2022;;Doutre - Saint-Jacques - Nazareth;49007;03/2022;VILLE D ANGERS - DIRECTION PARCS JARDINS ET PAYSAGES;47.4833329996,-0.5699914004;"{""coordinates"": [-0.5699914004, 47.4833329996, 0], ""type"": ""Point""}"
Styphnolobium japonicum;Sophora du Japon;Rue de la Chambre aux Deniers;2020;;Lac de Maine;49007;03/2022;VILLE D ANGERS - DIRECTION PARCS JARDINS ET PAYSAGES;47.4662349011,-0.5981281008;"{""coordinates"": [-0.5981281008, 47.4662349011, 0], ""type"": ""Point""}"
Picea omorika;Epicéa de Serbie;Boulevard Jacqueline Auriol;2022;;Hauts de Saint-Aubin;49007;03/2022;VILLE D ANGERS - DIRECTION PARCS JARDINS ET PAYSAGES;47.4938223997,-0.5657216998;"{""coordinates"": [-0.5657216998, 47.4938223997, 0], ""type"": ""Point""}"
Celtis australis;Micocoulier de Provence;Rue du Daguenet/ Rue Elisée Reclus;2020;;Deux-Croix - Banchais;49007;03/2022;VILLE D ANGERS - DIRECTION PARCS JARDINS ET PAYSAGES;47.4750551012,-0.5264022004;"{""coordinates"": [-0.5264022004, 47.4750551012, 0], ""type"": ""Point""}"
Gleditsia triacanthos 'Sunburst';Févier d'Amérique Sunburst;Rue Toussenel;2022;;Justices - Madeleine - Saint-Léonard;49007;03/2022;VILLE D ANGERS - DIRECTION PARCS JARDINS ET PAYSAGES;47.4578940003,-0.5188439999;"{""coordinates"": [-0.5188439999, 47.4578940003, 0], ""type"": ""Point""}"
Cupressus sempervirens;Cyprès commun;Jardins de l'aviation;2020;;Hauts de Saint-Aubin;49007;03/2022;VILLE D ANGERS - DIRECTION PARCS JARDINS ET PAYSAGES;47.4924116013,-0.5768423007;"{""coordinates"": [-0.5768423007, 47.4924116013, 0], ""type"": ""Point""}"
Pinus sylvestris;Pin sylvestre;Place Victor Beaussier;2022;;Belle-Beille;49007;03/2022;VILLE D ANGERS - DIRECTION PARCS JARDINS ET PAYSAGES;47.4767285999,-0.5988154994;"{""coordinates"": [-0.5988154994, 47.4767285999, 0], ""type"": ""Point""}"
Ginkgo biloba;Arbre aux quarante écus;Giratoire des Trois Paroisses;2020;;Justices - Madeleine - Saint-Léonard;49007;03/2022;VILLE D ANGERS - DIRECTION PARCS JARDINS ET PAYSAGES;47.4444020005,-0.5357140002;"{""coordinates"": [-0.5357140002, 47.4444020005, 0], ""type"": ""Point""}"
Prunus serrula;Cerisier du Tibet;Place du Chanoine Bachelot;2022;;Saint-Serge - Ney - Chalouère;49007;03/2022;VILLE D ANGERS - DIRECTION PARCS JARDINS ET PAYSAGES;47.4768484496,-0.5469892174;"{""coordinates"": [-0.5469892174, 47.4768484496, 0], ""type"": ""Point""}"
Ginkgo biloba;Arbre aux quarante écus;Giratoire des Trois Paroisses;2020;;Justices - Madeleine - Saint-Léonard;49007;03/2022;VILLE D ANGERS - DIRECTION PARCS JARDINS ET PAYSAGES;47.4444056006,-0.5356751993;"{""coordinates"": [-0.5356751993, 47.4444056006, 0], ""type"": ""Point""}"
Platanus x hispanica;Platane à feuilles d'érable;Boulevard Charles Barangé;2021;;Centre Ville - La Fayette - Eblé;49007;03/2022;VILLE D ANGERS - DIRECTION PARCS JARDINS ET PAYSAGES;47.4603706008,-0.5729353001;"{""coordinates"": [-0.5729353001, 47.4603706008, 0], ""type"": ""Point""}"
Koelreuteria paniculata;Savonnier paniculé;Avenue Jean Joxé/ Giratoire du MIN;2020;;Saint-Serge - Ney - Chalouère;49007;03/2022;VILLE D ANGERS - DIRECTION PARCS JARDINS ET PAYSAGES;47.481871101,-0.5433258;"{""coordinates"": [-0.5433258, 47.481871101, 0], ""type"": ""Point""}"
Zelkova serrata;Faux-orme du Japon;Boulevard Pierre de Coubertin/ Rue Saumuroise;2022;;Justices - Madeleine - Saint-Léonard;49007;03/2022;VILLE D ANGERS - DIRECTION PARCS JARDINS ET PAYSAGES;47.4578309002,-0.5329167001;"{""coordinates"": [-0.5329167001, 47.4578309002, 0], ""type"": ""Point""}"
Koelreuteria paniculata;Savonnier paniculé;Avenue Jean Joxé/ Giratoire du MIN;2020;;Saint-Serge - Ney - Chalouère;49007;03/2022;VILLE D ANGERS - DIRECTION PARCS JARDINS ET PAYSAGES;47.481750901,-0.54293;"{""coordinates"": [-0.54293, 47.481750901, 0], ""type"": ""Point""}"
Quercus robur 'Fastigiata';Chêne pédonculé pyramidal;Rue Prosper Bigeard;2022;;Saint-Serge - Ney - Chalouère;49007;03/2022;VILLE D ANGERS - DIRECTION PARCS JARDINS ET PAYSAGES;47.4790440003,-0.5374655002;"{""coordinates"": [-0.5374655002, 47.4790440003, 0], ""type"": ""Point""}"
Koelreuteria paniculata;Savonnier paniculé;Avenue Jean Joxé/ Giratoire du MIN;2020;;Saint-Serge - Ney - Chalouère;49007;03/2022;VILLE D ANGERS - DIRECTION PARCS JARDINS ET PAYSAGES;47.4817409017,-0.5428401997;"{""coordinates"": [-0.5428401997, 47.4817409017, 0], ""type"": ""Point""}"
Pterocarya fraxinifolia;Ptérocaryer à feuilles de frêne;Boulevard Victor Beaussier;2019;;Belle-Beille;49007;03/2022;VILLE D ANGERS - DIRECTION PARCS JARDINS ET PAYSAGES;47.4710492004,-0.6000701005;"{""coordinates"": [-0.6000701005, 47.4710492004, 0], ""type"": ""Point""}"
Pseudotsuga menziesii;Sapin de Douglas ou Pin d'Oregon;Rue du Grand Montréjeau;2020;;Deux-Croix - Banchais;49007;03/2022;VILLE D ANGERS - DIRECTION PARCS JARDINS ET PAYSAGES;47.4679854011,-0.5285448992;"{""coordinates"": [-0.5285448992, 47.4679854011, 0], ""type"": ""Point""}"
Acer 'Warrenred' PACIFIC SUNSET;Erable Pacific Sunset;Boulevard Yvonne Poirel;2020;;Centre Ville - La Fayette - Eblé;49007;03/2022;VILLE D ANGERS - DIRECTION PARCS JARDINS ET PAYSAGES;47.4600320013,-0.5608622995;"{""coordinates"": [-0.5608622995, 47.4600320013, 0], ""type"": ""Point""}"
Prunus serrulata 'Sunset Boulevard';Cerisier du Japon Sunset Boulevard;Allée Raymond Aron/ Rue de la Chambre aux Deniers;2020;;Lac de Maine;49007;03/2022;VILLE D ANGERS - DIRECTION PARCS JARDINS ET PAYSAGES;47.4665465014,-0.6061390004;"{""coordinates"": [-0.6061390004, 47.4665465014, 0], ""type"": ""Point""}"
Acer buergerianum;Erable de Buerger ou E. trident;Avenue du Lac de Maine;2020;;Lac de Maine;49007;03/2022;VILLE D ANGERS - DIRECTION PARCS JARDINS ET PAYSAGES;47.4641665012,-0.5944251009;"{""coordinates"": [-0.5944251009, 47.4641665012, 0], ""type"": ""Point""}"
Platanus orientalis;Platane d'Orient;Avenue Jean Joxé;2021;;Saint-Serge - Ney - Chalouère;49007;03/2022;VILLE D ANGERS - DIRECTION PARCS JARDINS ET PAYSAGES;47.4801847009,-0.5439316999;"{""coordinates"": [-0.5439316999, 47.4801847009, 0], ""type"": ""Point""}"
Parrotia persica 'Vanessa';Arbre de fer Vanessa;Parvis Ice Park;2019;;Saint-Serge - Ney - Chalouère;49007;03/2022;VILLE D ANGERS - DIRECTION PARCS JARDINS ET PAYSAGES;47.4795684012,-0.5492261003;"{""coordinates"": [-0.5492261003, 47.4795684012, 0], ""type"": ""Point""}"
Parrotia persica 'Vanessa';Arbre de fer Vanessa;Esplanade Coeur de Maine;2019;;Centre Ville - La Fayette - Eblé;49007;03/2022;VILLE D ANGERS - DIRECTION PARCS JARDINS ET PAYSAGES;47.4736707011,-0.5560186002;"{""coordinates"": [-0.5560186002, 47.4736707011, 0], ""type"": ""Point""}"
Tilia cordata 'Greenspire';Tilleul à petites feuilles Greenspire;Place Marie Placé (parvis église St Joseph);2019;;Centre Ville - La Fayette - Eblé;49007;03/2022;VILLE D ANGERS - DIRECTION PARCS JARDINS ET PAYSAGES;47.467305401,-0.5467867001;"{""coordinates"": [-0.5467867001, 47.467305401, 0], ""type"": ""Point""}"
Cedrus libani 'Fastigiata';Cèdre du Liban fastigié;Rue Coeffard/ Rue Branly;2019;;Deux-Croix - Banchais;49007;03/2022;VILLE D ANGERS - DIRECTION PARCS JARDINS ET PAYSAGES;47.4747250004,-0.530192;"{""coordinates"": [-0.530192, 47.4747250004, 0], ""type"": ""Point""}"
Zelkova serrata;Faux-orme du Japon;Mail Marcel Mauss;2019;;Hauts de Saint-Aubin;49007;03/2022;VILLE D ANGERS - DIRECTION PARCS JARDINS ET PAYSAGES;47.4907363009,-0.5658211996;"{""coordinates"": [-0.5658211996, 47.4907363009, 0], ""type"": ""Point""}"
Acer x freemanii AUTUMN BLAZE;Erable hybride Autumn Blaze;Parvis Ice Park;2019;;Saint-Serge - Ney - Chalouère;49007;03/2022;VILLE D ANGERS - DIRECTION PARCS JARDINS ET PAYSAGES;47.4793654006,-0.5487996001;"{""coordinates"": [-0.5487996001, 47.4793654006, 0], ""type"": ""Point""}"
Taxodium distichum;Cyprès chauve;Parc St Serge;2019;;Saint-Serge - Ney - Chalouère;49007;03/2022;VILLE D ANGERS - DIRECTION PARCS JARDINS ET PAYSAGES;47.4812138002,-0.5482739009;"{""coordinates"": [-0.5482739009, 47.4812138002, 0], ""type"": ""Point""}"
Sequoiadendron giganteum;Séquoia géant;Parc St Serge;2019;;Saint-Serge - Ney - Chalouère;49007;03/2022;VILLE D ANGERS - DIRECTION PARCS JARDINS ET PAYSAGES;47.4820369008,-0.5468491996;"{""coordinates"": [-0.5468491996, 47.4820369008, 0], ""type"": ""Point""}"
Pterocarya fraxinifolia;Ptérocaryer à feuilles de frêne;Promenade Jean Turc;2019;;Centre Ville - La Fayette - Eblé;49007;03/2022;VILLE D ANGERS - DIRECTION PARCS JARDINS ET PAYSAGES;47.4722543012,-0.5577674998;"{""coordinates"": [-0.5577674998, 47.4722543012, 0], ""type"": ""Point""}"
Paulownia fortunei FAST BLUE;Paulownia Fast Blue;Esplanade Coeur de Maine;2019;;Centre Ville - La Fayette - Eblé;49007;03/2022;VILLE D ANGERS - DIRECTION PARCS JARDINS ET PAYSAGES;47.4735293001,-0.5559838003;"{""coordinates"": [-0.5559838003, 47.4735293001, 0], ""type"": ""Point""}"
Cedrus libani;Cèdre du Liban;Rue de Savoie;2020;;Monplaisir;49007;03/2022;VILLE D ANGERS - DIRECTION PARCS JARDINS ET PAYSAGES;47.4915794011,-0.5276766999;"{""coordinates"": [-0.5276766999, 47.4915794011, 0], ""type"": ""Point""}"
Quercus bicolor;Chêne bicolore;Rue des Ponts de Cé;2022;;Justices - Madeleine - Saint-Léonard;49007;03/2022;VILLE D ANGERS - DIRECTION PARCS JARDINS ET PAYSAGES;47.4529588003,-0.5385189;"{""coordinates"": [-0.5385189, 47.4529588003, 0], ""type"": ""Point""}"
Quercus palustris;Chêne des marais;Boulevard Jean Moulin;2022;;Hauts de Saint-Aubin;49007;03/2022;VILLE D ANGERS - DIRECTION PARCS JARDINS ET PAYSAGES;47.4921932344,-0.5515010186;"{""coordinates"": [-0.5515010186, 47.4921932344, 0], ""type"": ""Point""}"
Quercus nuttallii;Chêne de Nuttall;Rue des petites Musses (giratoire Promenade de La Baumette);2022;;La Roseraie;49007;03/2022;VILLE D ANGERS - DIRECTION PARCS JARDINS ET PAYSAGES;47.4563873004,-0.5718488999;"{""coordinates"": [-0.5718488999, 47.4563873004, 0], ""type"": ""Point""}"
Ginkgo biloba;Arbre aux quarante écus;Boulevard Yvonne Poirel/ Rue Éblé;2022;;Centre Ville - La Fayette - Eblé;49007;03/2022;VILLE D ANGERS - DIRECTION PARCS JARDINS ET PAYSAGES;47.4607422002,-0.5612554006;"{""coordinates"": [-0.5612554006, 47.4607422002, 0], ""type"": ""Point""}"
Prunus serrula;Cerisier du Tibet;Boulevard Jean Sauvage;2022;;Hauts de Saint-Aubin;49007;03/2022;VILLE D ANGERS - DIRECTION PARCS JARDINS ET PAYSAGES;47.4898645996,-0.5570357999;"{""coordinates"": [-0.5570357999, 47.4898645996, 0], ""type"": ""Point""}"
Quercus palustris;Chêne des marais;Boulevard Jean Moulin;2022;;Hauts de Saint-Aubin;49007;03/2022;VILLE D ANGERS - DIRECTION PARCS JARDINS ET PAYSAGES;47.4923798064,-0.5510821324;"{""coordinates"": [-0.5510821324, 47.4923798064, 0], ""type"": ""Point""}"
Acer pseudoplatanus;Erable sycomore;Boulevard Jean Moulin;2022;;Hauts de Saint-Aubin;49007;03/2022;VILLE D ANGERS - DIRECTION PARCS JARDINS ET PAYSAGES;47.4920666417,-0.5513113947;"{""coordinates"": [-0.5513113947, 47.4920666417, 0], ""type"": ""Point""}"
Cryptomeria japonica 'Araucarioides';Cryptoméria du Japon Araucarioides;Place du Chanoine Bachelot;2022;;Saint-Serge - Ney - Chalouère;49007;03/2022;VILLE D ANGERS - DIRECTION PARCS JARDINS ET PAYSAGES;47.4767501978,-0.5468098501;"{""coordinates"": [-0.5468098501, 47.4767501978, 0], ""type"": ""Point""}"
Alnus cordata;Aulne de Corse;Quai du Roi de Pologne;2019;;Centre Ville - La Fayette - Eblé;49007;03/2022;VILLE D ANGERS - DIRECTION PARCS JARDINS ET PAYSAGES;47.4691147013,-0.5629582997;"{""coordinates"": [-0.5629582997, 47.4691147013, 0], ""type"": ""Point""}"
Liquidambar styraciflua;Copalme d'Amérique;Rue du Nid de Pie/ Boulevard Victor Beaussier;2019;;Belle-Beille;49007;03/2022;VILLE D ANGERS - DIRECTION PARCS JARDINS ET PAYSAGES;47.4716944017,-0.6002916001;"{""coordinates"": [-0.6002916001, 47.4716944017, 0], ""type"": ""Point""}"
Pyrus calleryana 'Chanticleer';Poirier à fleurs Chanticleer;Rue Lucie Laboulais;2021;;Hauts de Saint-Aubin;49007;03/2022;VILLE D ANGERS - DIRECTION PARCS JARDINS ET PAYSAGES;47.4911366006,-0.5524696005;"{""coordinates"": [-0.5524696005, 47.4911366006, 0], ""type"": ""Point""}"
Taxodium distichum;Cyprès chauve;Boulevard Pierre de Coubertin/ Rue Saumuroise;2022;;Justices - Madeleine - Saint-Léonard;49007;03/2022;VILLE D ANGERS - DIRECTION PARCS JARDINS ET PAYSAGES;47.4579103002,-0.5332164005;"{""coordinates"": [-0.5332164005, 47.4579103002, 0], ""type"": ""Point""}"
Quercus petraea;Chêne rouvre ou chêne sessile;Rue Paul Fort;2022;;Hauts de Saint-Aubin;49007;03/2022;VILLE D ANGERS - DIRECTION PARCS JARDINS ET PAYSAGES;47.4879548997,-0.5614359995;"{""coordinates"": [-0.5614359995, 47.4879548997, 0], ""type"": ""Point""}"
Prunus padus;Merisier à grappes;Avenue de Lattre de Tassigny;2021;;Justices - Madeleine - Saint-Léonard;49007;03/2022;VILLE D ANGERS - DIRECTION PARCS JARDINS ET PAYSAGES;47.4562573007,-0.5433722003;"{""coordinates"": [-0.5433722003, 47.4562573007, 0], ""type"": ""Point""}"
Platanus x hispanica;Platane à feuilles d'érable;Boulevard Charles Barangé;2021;;Centre Ville - La Fayette - Eblé;49007;03/2022;VILLE D ANGERS - DIRECTION PARCS JARDINS ET PAYSAGES;47.4606607012,-0.572860201;"{""coordinates"": [-0.572860201, 47.4606607012, 0], ""type"": ""Point""}"
Quercus castaneifolia 'Green Spire';Chêne à feuilles de châtaignier Greenspire;Parc de l'Arboretum;2021;;La Roseraie;49007;03/2022;VILLE D ANGERS - DIRECTION PARCS JARDINS ET PAYSAGES;47.4510531011,-0.5436124007;"{""coordinates"": [-0.5436124007, 47.4510531011, 0], ""type"": ""Point""}"
Abies procera;Sapin noble;Rue Thomas Boucher;2021;;La Roseraie;49007;03/2022;VILLE D ANGERS - DIRECTION PARCS JARDINS ET PAYSAGES;47.4446630007,-0.5494122998;"{""coordinates"": [-0.5494122998, 47.4446630007, 0], ""type"": ""Point""}"
Acer platanoides;Erable plane;Rue Charlotte Delbo;2020;;Centre Ville - La Fayette - Eblé;49007;03/2022;VILLE D ANGERS - DIRECTION PARCS JARDINS ET PAYSAGES;47.4643016005,-0.5593854997;"{""coordinates"": [-0.5593854997, 47.4643016005, 0], ""type"": ""Point""}"
Quercus macranthera;Chêne du Caucase;Boulevard Joseph Bédier/ Av. De Lattre de Tassigny;2021;;Justices - Madeleine - Saint-Léonard;49007;03/2022;VILLE D ANGERS - DIRECTION PARCS JARDINS ET PAYSAGES;47.4526289005,-0.5408163005;"{""coordinates"": [-0.5408163005, 47.4526289005, 0], ""type"": ""Point""}"
Taxodium distichum;Cyprès chauve;Rue Alphonse Daudet;2021;;Doutre - Saint-Jacques - Nazareth;49007;03/2022;VILLE D ANGERS - DIRECTION PARCS JARDINS ET PAYSAGES;47.486400601,-0.5815261993;"{""coordinates"": [-0.5815261993, 47.486400601, 0], ""type"": ""Point""}"
Ginkgo biloba;Arbre aux quarante écus;Rue de Nazareth;2021;;Doutre - Saint-Jacques - Nazareth;49007;03/2022;VILLE D ANGERS - DIRECTION PARCS JARDINS ET PAYSAGES;47.4851812008,-0.5774186998;"{""coordinates"": [-0.5774186998, 47.4851812008, 0], ""type"": ""Point""}"
Nyssa sylvatica;Tupélo de Chine;Cimetière de l'Ouest;2021;;Doutre - Saint-Jacques - Nazareth;49007;03/2022;VILLE D ANGERS - DIRECTION PARCS JARDINS ET PAYSAGES;47.4775106006,-0.5747592002;"{""coordinates"": [-0.5747592002, 47.4775106006, 0], ""type"": ""Point""}"
Ulmus 'Columella';Orme hybride Columella;Rue Boreau;2021;;Saint-Serge - Ney - Chalouère;49007;03/2022;VILLE D ANGERS - DIRECTION PARCS JARDINS ET PAYSAGES;47.4749954008,-0.5463906005;"{""coordinates"": [-0.5463906005, 47.4749954008, 0], ""type"": ""Point""}"
Platanus x acerifolia;Platane commun;Parvis salle Claude Chabrol;2019;;Belle-Beille;49007;03/2022;VILLE D ANGERS - DIRECTION PARCS JARDINS ET PAYSAGES;47.4706133008,-0.5885523001;"{""coordinates"": [-0.5885523001, 47.4706133008, 0], ""type"": ""Point""}"
Styphnolobium japonicum;Sophora du Japon;Rue Saumuroise;2019;;Justices - Madeleine - Saint-Léonard;49007;03/2022;VILLE D ANGERS - DIRECTION PARCS JARDINS ET PAYSAGES;47.4573693006,-0.5325304994;"{""coordinates"": [-0.5325304994, 47.4573693006, 0], ""type"": ""Point""}"
Paulownia fortunei FAST BLUE;Paulownia Fast Blue;Rue des Champs Verts/ Bd de Strasbourg;2019;;La Roseraie;49007;03/2022;VILLE D ANGERS - DIRECTION PARCS JARDINS ET PAYSAGES;47.4558577005,-0.5511448;"{""coordinates"": [-0.5511448, 47.4558577005, 0], ""type"": ""Point""}"
Ulmus x hollandica 'Lobel';Orme hybride Lobel;Rue René la Combe;2020;;Doutre - Saint-Jacques - Nazareth;49007;03/2022;VILLE D ANGERS - DIRECTION PARCS JARDINS ET PAYSAGES;47.486446701,-0.5802662998;"{""coordinates"": [-0.5802662998, 47.486446701, 0], ""type"": ""Point""}"
Toona sinensis;Cédrèle de Chine;Avenue Jean Joxé / Giratoire du MIN;2020;;Saint-Serge - Ney - Chalouère;49007;03/2022;VILLE D ANGERS - DIRECTION PARCS JARDINS ET PAYSAGES;47.4819111005,-0.5431801002;"{""coordinates"": [-0.5431801002, 47.4819111005, 0], ""type"": ""Point""}"
Platanus x hispanica;Platane à feuilles d'érable;Allée Grande Capucine;2021;;Hauts de Saint-Aubin;49007;03/2022;VILLE D ANGERS - DIRECTION PARCS JARDINS ET PAYSAGES;47.4915729006,-0.5680963;"{""coordinates"": [-0.5680963, 47.4915729006, 0], ""type"": ""Point""}"
Araucaria araucana;Désespoir des singes;Avenue Maurice Tardat;2020;;La Roseraie;49007;03/2022;VILLE D ANGERS - DIRECTION PARCS JARDINS ET PAYSAGES;47.4446432005,-0.5514797995;"{""coordinates"": [-0.5514797995, 47.4446432005, 0], ""type"": ""Point""}"
Cupressus sempervirens;Cyprès commun;Jardins de l'aviation;2020;;Hauts de Saint-Aubin;49007;03/2022;VILLE D ANGERS - DIRECTION PARCS JARDINS ET PAYSAGES;47.4924923013,-0.5769070006;"{""coordinates"": [-0.5769070006, 47.4924923013, 0], ""type"": ""Point""}"
Quercus palustris;Chêne des marais;Rue Larrey/ Boulevard Mirault;2020;;Hauts de Saint-Aubin;49007;03/2022;VILLE D ANGERS - DIRECTION PARCS JARDINS ET PAYSAGES;47.4795010011,-0.5557540993;"{""coordinates"": [-0.5557540993, 47.4795010011, 0], ""type"": ""Point""}"
Carpinus betulus 'Fastigiata';Charme commun Fastigiata;Cimetière de l'Ouest;2021;;Doutre - Saint-Jacques - Nazareth;49007;03/2022;VILLE D ANGERS - DIRECTION PARCS JARDINS ET PAYSAGES;47.4774579007,-0.5748798991;"{""coordinates"": [-0.5748798991, 47.4774579007, 0], ""type"": ""Point""}"
Ostrya carpinifolia;Ostryer commun;Esplanade Coeur de Maine;2019;;Centre Ville - La Fayette - Eblé;49007;03/2022;VILLE D ANGERS - DIRECTION PARCS JARDINS ET PAYSAGES;47.4726994009,-0.5574040997;"{""coordinates"": [-0.5574040997, 47.4726994009, 0], ""type"": ""Point""}"
Ulmus 'Sapporo Autumn Gold' ( RESISTA® series );Orme résistant Sapporo Autumn Gold;Route de la Pyramide;2021;;Justices - Madeleine - Saint-Léonard;49007;03/2022;VILLE D ANGERS - DIRECTION PARCS JARDINS ET PAYSAGES;47.4525222006,-0.5240771996;"{""coordinates"": [-0.5240771996, 47.4525222006, 0], ""type"": ""Point""}"
Catalpa bignonioides;Catalpa commun;Place Aqua Vita;2021;;Hauts de Saint-Aubin;49007;03/2022;VILLE D ANGERS - DIRECTION PARCS JARDINS ET PAYSAGES;47.4930048012,-0.5675036994;"{""coordinates"": [-0.5675036994, 47.4930048012, 0], ""type"": ""Point""}"
Quercus nuttallii;Chêne de Nuttall;Jardin des Plantes;2021;;Saint-Serge - Ney - Chalouère;49007;03/2022;VILLE D ANGERS - DIRECTION PARCS JARDINS ET PAYSAGES;47.4748229004,-0.5447937995;"{""coordinates"": [-0.5447937995, 47.4748229004, 0], ""type"": ""Point""}"
Acer saccharinum;Erable argenté;Place de la Fraternité;2021;;Hauts de Saint-Aubin;49007;03/2022;VILLE D ANGERS - DIRECTION PARCS JARDINS ET PAYSAGES;47.4909544007,-0.5607233995;"{""coordinates"": [-0.5607233995, 47.4909544007, 0], ""type"": ""Point""}"
Liriodendron tulipifera;Tulipier de Virginie;Rue Alphonse Daudet;2020;;Doutre - Saint-Jacques - Nazareth;49007;03/2022;VILLE D ANGERS - DIRECTION PARCS JARDINS ET PAYSAGES;47.4864072007,-0.581747601;"{""coordinates"": [-0.581747601, 47.4864072007, 0], ""type"": ""Point""}"
Picea omorika;Epicéa de Serbie;Echangeur Georges Mandel;2020;;Belle-Beille;49007;03/2022;VILLE D ANGERS - DIRECTION PARCS JARDINS ET PAYSAGES;47.4701701011,-0.6018683004;"{""coordinates"": [-0.6018683004, 47.4701701011, 0], ""type"": ""Point""}"
Magnolia 'Galaxy';Magnolia hybride Galaxie;Plaine de jeux Marcel Pagnol/ Rue Pierre Brossolette;2020;;La Roseraie;49007;03/2022;VILLE D ANGERS - DIRECTION PARCS JARDINS ET PAYSAGES;47.4480689004,-0.5562856992;"{""coordinates"": [-0.5562856992, 47.4480689004, 0], ""type"": ""Point""}"
Tilia cordata 'Greenspire';Tilleul à petites feuilles Greenspire;Place Marie Placé (parvis église St Joseph);2019;;Centre Ville - La Fayette - Eblé;49007;03/2022;VILLE D ANGERS - DIRECTION PARCS JARDINS ET PAYSAGES;47.4671730008,-0.5468833005;"{""coordinates"": [-0.5468833005, 47.4671730008, 0], ""type"": ""Point""}"
Zelkova serrata GREEN VASE;Faux-orme du Japon Green Vase;Boulevard Gaston Birgé/ Rue des Chesnaies;2020;;Deux-Croix - Banchais;49007;03/2022;VILLE D ANGERS - DIRECTION PARCS JARDINS ET PAYSAGES;47.4715140012,-0.5188793998;"{""coordinates"": [-0.5188793998, 47.4715140012, 0], ""type"": ""Point""}"
Metasequoia glyptostroboides;Métaséquoia;Parc St Serge;2019;;Saint-Serge - Ney - Chalouère;49007;03/2022;VILLE D ANGERS - DIRECTION PARCS JARDINS ET PAYSAGES;47.482225401,-0.5466132002;"{""coordinates"": [-0.5466132002, 47.482225401, 0], ""type"": ""Point""}"
Quercus petraea;Chêne rouvre ou chêne sessile;Avenue du Grésillé;2019;;Lac de Maine;49007;03/2022;VILLE D ANGERS - DIRECTION PARCS JARDINS ET PAYSAGES;47.4565500004,-0.6012415999;"{""coordinates"": [-0.6012415999, 47.4565500004, 0], ""type"": ""Point""}"
Fraxinus excelsior;Frêne commun;Promenade Jean Turc;2019;;Centre Ville - La Fayette - Eblé;49007;03/2022;VILLE D ANGERS - DIRECTION PARCS JARDINS ET PAYSAGES;47.4723685004,-0.5573759004;"{""coordinates"": [-0.5573759004, 47.4723685004, 0], ""type"": ""Point""}"
Cedrus libani subsp. atlantica;Cèdre de l'Atlas;Boulevard Estienne d'Orves/ Rue Saumuroise;2019;;Justices - Madeleine - Saint-Léonard;49007;03/2022;VILLE D ANGERS - DIRECTION PARCS JARDINS ET PAYSAGES;47.455876801,-0.5298219994;"{""coordinates"": [-0.5298219994, 47.455876801, 0], ""type"": ""Point""}"
Fraxinus americana;Frêne d'Amérique;Esplanade Coeur de Maine;2019;;Centre Ville - La Fayette - Eblé;49007;03/2022;VILLE D ANGERS - DIRECTION PARCS JARDINS ET PAYSAGES;47.4728223014,-0.557064699;"{""coordinates"": [-0.557064699, 47.4728223014, 0], ""type"": ""Point""}"
Platanus orientalis;Platane d'Orient;Boulevard Charles Barangé/ Chemin des Musses;2019;;La Roseraie;49007;03/2022;VILLE D ANGERS - DIRECTION PARCS JARDINS ET PAYSAGES;47.455643701,-0.5694910995;"{""coordinates"": [-0.5694910995, 47.455643701, 0], ""type"": ""Point""}"
Acer x freemanii 'Jeffersred';Erable hybride Autumn Blaze;Rue du Haut Chêne;2021;;Lac de Maine;49007;03/2022;VILLE D ANGERS - DIRECTION PARCS JARDINS ET PAYSAGES;47.4671726013,-0.5973000008;"{""coordinates"": [-0.5973000008, 47.4671726013, 0], ""type"": ""Point""}"
Fraxinus angustifolia 'Raywood';Frêne à feuilles étroites Raywood;Giratoire Rue Gandhi/ Rue du Hanipet;2019;;Deux-Croix - Banchais;49267;03/2022;VILLE D ANGERS - DIRECTION PARCS JARDINS ET PAYSAGES;47.4689801009,-0.5195600997;"{""coordinates"": [-0.5195600997, 47.4689801009, 0], ""type"": ""Point""}"
Quercus phellos;Chêne à feuilles de saule;Rue du Vallon/ Rue Jean Rostand;2022;;Lac de Maine;49007;03/2022;VILLE D ANGERS - DIRECTION PARCS JARDINS ET PAYSAGES;47.4628500997,-0.5995359998;"{""coordinates"": [-0.5995359998, 47.4628500997, 0], ""type"": ""Point""}"
Platanus x acerifolia;Platane commun;Rue du Grand Montréjeau;2020;;Deux-Croix - Banchais;49267;03/2022;VILLE D ANGERS - DIRECTION PARCS JARDINS ET PAYSAGES;47.4654750011,-0.5195066993;"{""coordinates"": [-0.5195066993, 47.4654750011, 0], ""type"": ""Point""}"
Acer monspessulanum;Erable de Montpellier;Rue Le Gouz;2022;;Deux-Croix - Banchais;49007;03/2022;VILLE D ANGERS - DIRECTION PARCS JARDINS ET PAYSAGES;47.4756365999,-0.5308157997;"{""coordinates"": [-0.5308157997, 47.4756365999, 0], ""type"": ""Point""}"
Ulmus 'Sapporo Autumn Gold' ( RESISTA® series );Orme résistant Sapporo Autumn Gold;Rue Roger Amsler;2020;;Hauts de Saint-Aubin;49007;03/2022;VILLE D ANGERS - DIRECTION PARCS JARDINS ET PAYSAGES;47.4879602004,-0.5539033994;"{""coordinates"": [-0.5539033994, 47.4879602004, 0], ""type"": ""Point""}"
Acer x freemanii CELEBRATION;Erable hybride Célébration;Rue de Brissac / Rue Rabelais;2022;;Centre Ville - La Fayette - Eblé;49007;03/2022;VILLE D ANGERS - DIRECTION PARCS JARDINS ET PAYSAGES;47.4587182996,-0.5452631999;"{""coordinates"": [-0.5452631999, 47.4587182996, 0], ""type"": ""Point""}"
Taxodium distichum;Cyprès chauve;Rue Jean Jaurès/ Salle Félix Landreau;2020;;Justices - Madeleine - Saint-Léonard;49007;03/2022;VILLE D ANGERS - DIRECTION PARCS JARDINS ET PAYSAGES;47.4575729007,-0.5228945994;"{""coordinates"": [-0.5228945994, 47.4575729007, 0], ""type"": ""Point""}"
Abies nordmanniana;Sapin de Nordmann ou S. du Caucase;Boulevard Joseph Bédier/ Avenue de Lattre de Tassigny;2022;;La Roseraie;49007;03/2022;VILLE D ANGERS - DIRECTION PARCS JARDINS ET PAYSAGES;47.4523598002,-0.5410755999;"{""coordinates"": [-0.5410755999, 47.4523598002, 0], ""type"": ""Point""}"
Tilia platyphyllos;Tilleul de Hollande ou T. à grandes feuilles;Rue des Tournebelles;2020;;La Roseraie;49007;03/2022;VILLE D ANGERS - DIRECTION PARCS JARDINS ET PAYSAGES;47.4511758012,-0.5699046002;"{""coordinates"": [-0.5699046002, 47.4511758012, 0], ""type"": ""Point""}"
Quercus bivoniana;Chêne à feuille d'olivier;Route de Briollay/ Square Honoré Daumier;2022;;Monplaisir;49007;03/2022;VILLE D ANGERS - DIRECTION PARCS JARDINS ET PAYSAGES;47.4888826996,-0.5314225999;"{""coordinates"": [-0.5314225999, 47.4888826996, 0], ""type"": ""Point""}"
Koelreuteria paniculata;Savonnier paniculé;Rue Léon Faye/ Parvis collège Debussy;2020;;Monplaisir;49007;03/2022;VILLE D ANGERS - DIRECTION PARCS JARDINS ET PAYSAGES;47.4892656006,-0.5152200007;"{""coordinates"": [-0.5152200007, 47.4892656006, 0], ""type"": ""Point""}"
Magnolia x soulangeana 'André Leroy';Magnolia hybride de Soulange André Leroy;Rue Gabriel Lecombre (entrée Parc St Léonard);2019;;Justices - Madeleine - Saint-Léonard;49007;03/2022;VILLE D ANGERS - DIRECTION PARCS JARDINS ET PAYSAGES;47.4618714005,-0.5196811004;"{""coordinates"": [-0.5196811004, 47.4618714005, 0], ""type"": ""Point""}"
Koelreuteria paniculata;Savonnier paniculé;Boulevard Albert Blanchoin/ Rue François Cevert;2020;;La Roseraie;49007;03/2022;VILLE D ANGERS - DIRECTION PARCS JARDINS ET PAYSAGES;47.4459016013,-0.5439815007;"{""coordinates"": [-0.5439815007, 47.4459016013, 0], ""type"": ""Point""}"
Styphnolobium japonicum;Sophora du Japon;Route de Briollay;2022;;Monplaisir;49007;03/2022;VILLE D ANGERS - DIRECTION PARCS JARDINS ET PAYSAGES;47.4895763001,-0.5308067001;"{""coordinates"": [-0.5308067001, 47.4895763001, 0], ""type"": ""Point""}"
Magnolia 'Solar Flair';Magnolia Solar Flair;Avenue Jean XXIII/ Place Jules Verne;2020;;La Roseraie;49007;03/2022;VILLE D ANGERS - DIRECTION PARCS JARDINS ET PAYSAGES;47.4468677009,-0.5610128998;"{""coordinates"": [-0.5610128998, 47.4468677009, 0], ""type"": ""Point""}"
Sophora japonica 'Princeton Upright';Sophora du Japon Princeton Upright;Rue des Carmes/ Rue Garnier;2019;;Doutre - Saint-Jacques - Nazareth;49007;03/2022;VILLE D ANGERS - DIRECTION PARCS JARDINS ET PAYSAGES;47.4737089007,-0.5602900996;"{""coordinates"": [-0.5602900996, 47.4737089007, 0], ""type"": ""Point""}"
Metasequoia glyptostroboides;Métaséquoia;Place Pierre Mendès France;2020;;Centre Ville - La Fayette - Eblé;49007;03/2022;VILLE D ANGERS - DIRECTION PARCS JARDINS ET PAYSAGES;47.4736733008,-0.545556099;"{""coordinates"": [-0.545556099, 47.4736733008, 0], ""type"": ""Point""}"
Cedrus libani subsp. atlantica;Cèdre de l'Atlas;Echangeur du Lac de Maine/Salle Claude Chabrol;2022;;Belle-Beille;49007;03/2022;VILLE D ANGERS - DIRECTION PARCS JARDINS ET PAYSAGES;47.4700728003,-0.5889192997;"{""coordinates"": [-0.5889192997, 47.4700728003, 0], ""type"": ""Point""}"
Carpinus betulus 'Fastigiata';Charme commun Fastigiata;Parvis Centre Jean Vilar;2019;;La Roseraie;49007;03/2022;VILLE D ANGERS - DIRECTION PARCS JARDINS ET PAYSAGES;47.445004901,-0.5630764999;"{""coordinates"": [-0.5630764999, 47.445004901, 0], ""type"": ""Point""}"
Acer monspessulanum;Erable de Montpellier;Route d'Epinard/ Rue G. Brassens;2020;;Hauts de Saint-Aubin;49007;03/2022;VILLE D ANGERS - DIRECTION PARCS JARDINS ET PAYSAGES;47.4870513009,-0.5633302991;"{""coordinates"": [-0.5633302991, 47.4870513009, 0], ""type"": ""Point""}"
Carpinus betulus;Charme commun;Boulevard du Doyenné;2020;;Monplaisir;49007;03/2022;VILLE D ANGERS - DIRECTION PARCS JARDINS ET PAYSAGES;47.4892932014,-0.5343130995;"{""coordinates"": [-0.5343130995, 47.4892932014, 0], ""type"": ""Point""}"
Sequoiadendron giganteum 'Compactum';Sequoia géant compact;Parc du Hutreau;2019;;La Roseraie;49278;03/2022;VILLE D ANGERS - DIRECTION PARCS JARDINS ET PAYSAGES;47.4336355006,-0.5553139997;"{""coordinates"": [-0.5553139997, 47.4336355006, 0], ""type"": ""Point""}"
Quercus frainetto;Chêne de Hongrie;Esplanade Coeur de Maine;2019;;Centre Ville - La Fayette - Eblé;49007;03/2022;VILLE D ANGERS - DIRECTION PARCS JARDINS ET PAYSAGES;47.4737741008,-0.5565926;"{""coordinates"": [-0.5565926, 47.4737741008, 0], ""type"": ""Point""}"
Quercus frainetto;Chêne de Hongrie;Esplanade Coeur de Maine;2019;;Centre Ville - La Fayette - Eblé;49007;03/2022;VILLE D ANGERS - DIRECTION PARCS JARDINS ET PAYSAGES;47.4741022014,-0.5563404992;"{""coordinates"": [-0.5563404992, 47.4741022014, 0], ""type"": ""Point""}"
Acer cappadocicum 'Rubrum';Erable de colchide rouge ou E. de Cappadoce;Promenade Jean Turc;2019;;Centre Ville - La Fayette - Eblé;49007;03/2022;VILLE D ANGERS - DIRECTION PARCS JARDINS ET PAYSAGES;47.4722704008,-0.5572677995;"{""coordinates"": [-0.5572677995, 47.4722704008, 0], ""type"": ""Point""}"
Cedrus atlantica 'Glauca Pyramidalis';Cèdre bleu de l'Atlas pyramidal;Boulevard de la Romanerie;2021;;Deux-Croix - Banchais;49007;03/2022;VILLE D ANGERS - DIRECTION PARCS JARDINS ET PAYSAGES;47.4863071012,-0.5138403993;"{""coordinates"": [-0.5138403993, 47.4863071012, 0], ""type"": ""Point""}"
Quercus robur 'Fastigiate Koster';Chêne pédonculé pyramidal de Koster;Rue Prébaudelle;2021;;Centre Ville - La Fayette - Eblé;49007;03/2022;VILLE D ANGERS - DIRECTION PARCS JARDINS ET PAYSAGES;47.4682846006,-0.5438116003;"{""coordinates"": [-0.5438116003, 47.4682846006, 0], ""type"": ""Point""}"
Acer rubrum;Erable rouge d'Amérique;Place de la Fraternité;2021;;Hauts de Saint-Aubin;49007;03/2022;VILLE D ANGERS - DIRECTION PARCS JARDINS ET PAYSAGES;47.492083501,-0.5612008997;"{""coordinates"": [-0.5612008997, 47.492083501, 0], ""type"": ""Point""}"
Corylus colurna;Noisetier de Byzance;Rue Louis Aragon;2020;;Doutre - Saint-Jacques - Nazareth;49007;03/2022;VILLE D ANGERS - DIRECTION PARCS JARDINS ET PAYSAGES;47.4835938007,-0.5783296996;"{""coordinates"": [-0.5783296996, 47.4835938007, 0], ""type"": ""Point""}"
Tilia platyphyllos;Tilleul de Hollande ou T. à grandes feuilles;Boulevard Yvonne Poirel/ Jardin d'Eblé;2022;;Centre Ville - La Fayette - Eblé;49007;03/2022;VILLE D ANGERS - DIRECTION PARCS JARDINS ET PAYSAGES;47.4616851997,-0.5620305998;"{""coordinates"": [-0.5620305998, 47.4616851997, 0], ""type"": ""Point""}"
Acer saccharum;Erable à sucre;Jardins familiaux Balzac / Chemin des Hautes Fouassières;2021;;Belle-Beille;49007;03/2022;VILLE D ANGERS - DIRECTION PARCS JARDINS ET PAYSAGES;47.4716642015,-0.5804751999;"{""coordinates"": [-0.5804751999, 47.4716642015, 0], ""type"": ""Point""}"
Acer buergerianum;Erable de Buerger ou E. trident;Chemin des Hautes Fouassières;2022;;Belle-Beille;49007;03/2022;VILLE D ANGERS - DIRECTION PARCS JARDINS ET PAYSAGES;47.4720814998,-0.5779085005;"{""coordinates"": [-0.5779085005, 47.4720814998, 0], ""type"": ""Point""}"
Styphnolobium japonicum 'Regent';Sophora du Japon Regent;Boulevard Yvonne Poirel/ Cité Vauban;2022;;Centre Ville - La Fayette - Eblé;49007;03/2022;VILLE D ANGERS - DIRECTION PARCS JARDINS ET PAYSAGES;47.4601919999,-0.5607672001;"{""coordinates"": [-0.5607672001, 47.4601919999, 0], ""type"": ""Point""}"
Salix x sepulcralis 'Chrysocoma';Saule pleureur;Jardin du Saule;2022;;Deux-Croix - Banchais;49007;03/2022;VILLE D ANGERS - DIRECTION PARCS JARDINS ET PAYSAGES;47.4738533999,-0.5301845995;"{""coordinates"": [-0.5301845995, 47.4738533999, 0], ""type"": ""Point""}"
Aesculus hippocastanum 'Baumannii';Marronnier d'Inde de Baumann;Rue du Champ de Bataille/ Rue Jean Prédali;2022;;Doutre - Saint-Jacques - Nazareth;49007;03/2022;VILLE D ANGERS - DIRECTION PARCS JARDINS ET PAYSAGES;47.4823491001,-0.5660456994;"{""coordinates"": [-0.5660456994, 47.4823491001, 0], ""type"": ""Point""}"
Cedrus libani;Cèdre du Liban;Parc Saint-Léonard;2022;;Justices - Madeleine - Saint-Léonard;49007;03/2022;VILLE D ANGERS - DIRECTION PARCS JARDINS ET PAYSAGES;47.4613222001,-0.5189991995;"{""coordinates"": [-0.5189991995, 47.4613222001, 0], ""type"": ""Point""}"
Quercus petraea;Chêne rouvre ou chêne sessile;Chemin de la Gatelière;2022;;Hauts de Saint-Aubin;49007;03/2022;VILLE D ANGERS - DIRECTION PARCS JARDINS ET PAYSAGES;47.4981152999,-0.5566855007;"{""coordinates"": [-0.5566855007, 47.4981152999, 0], ""type"": ""Point""}"
Carpinus betulus;Charme commun;Boulevard de Monplaisir/ Rue du Petit Eventail;2019;;Monplaisir;49007;03/2022;VILLE D ANGERS - DIRECTION PARCS JARDINS ET PAYSAGES;47.4908125011,-0.5269241996;"{""coordinates"": [-0.5269241996, 47.4908125011, 0], ""type"": ""Point""}"
Fraxinus angustifolia 'Raywood';Frêne à feuilles étroites Raywood;Esplanade Coeur de Maine;2019;;Centre Ville - La Fayette - Eblé;49007;03/2022;VILLE D ANGERS - DIRECTION PARCS JARDINS ET PAYSAGES;47.4730217005,-0.5567133008;"{""coordinates"": [-0.5567133008, 47.4730217005, 0], ""type"": ""Point""}"
Styphnolobium japonicum;Sophora du Japon;Jardin en étoile;2019;;Hauts de Saint-Aubin;49007;03/2022;VILLE D ANGERS - DIRECTION PARCS JARDINS ET PAYSAGES;47.4907352014,-0.5671404991;"{""coordinates"": [-0.5671404991, 47.4907352014, 0], ""type"": ""Point""}"
Tilia platyphyllos;Tilleul de Hollande ou T. à grandes feuilles;Boulevard Yvonne Poirel/ Jardin d'Eblé;2022;;Centre Ville - La Fayette - Eblé;49007;03/2022;VILLE D ANGERS - DIRECTION PARCS JARDINS ET PAYSAGES;47.4614368002,-0.5618160006;"{""coordinates"": [-0.5618160006, 47.4614368002, 0], ""type"": ""Point""}"
Pterocarya fraxinifolia;Ptérocaryer à feuilles de frêne;Boulevard Henri Dunant;2021;;Monplaisir;49007;03/2022;VILLE D ANGERS - DIRECTION PARCS JARDINS ET PAYSAGES;47.4838580005,-0.5296741999;"{""coordinates"": [-0.5296741999, 47.4838580005, 0], ""type"": ""Point""}"
