geo_point_2d;geo_shape;gml_id;objectid;nom;foret;variete;diametre_pied;hauteur;age;parcelle;photo;pdf;gps;x;y;essence_forestiere;description
49.514176665837525,1.0942250001780542;"{""coordinates"": [1.094225000178054, 49.514176665837525], ""type"": ""Point""}";ENV_ARBRE_REMARQUABLE.3;3;Le hêtre des Cotrets;Forêt domaniale Verte;Hêtre commun – Fagus sylvatica;104 cm;40 m;120/150 ans;19.0;https://sigapp.metropole-rouen-normandie.fr/files/s/arbres/photos/VERTE/V02_H.des.Cotrets_C.Savary-ONF_redim.JPG;https://sigapp.metropole-rouen-normandie.fr/files/s/arbres/descriptifs/VERTE/h_de_cotrets.pdf;"49° 30' 51,036"" N / 1° 5' 39,210"" E";1.094225;49.51417667;Feuillu;
49.41775482709727,0.9981719345523125;"{""coordinates"": [0.998171934552312, 49.41775482709727], ""type"": ""Point""}";ENV_ARBRE_REMARQUABLE.5;5;Le hêtre majestueux;Forêt domaniale de Roumare;Hêtre commun – Fagus sylvatica;128 cm;31 m;120/150 ans;182.0;https://sigapp.metropole-rouen-normandie.fr/files/s/arbres/photos/ROUMARE/R08__H.Majestueux_C.Savary-ONF_redim.JPG;https://sigapp.metropole-rouen-normandie.fr/files/s/arbres/descriptifs/ROUMARE/h_majestueux.pdf;"49° 25' 3,917"" N / 0° 59' 53,419"" E";0.99817193;49.41775483;Feuillu;
49.404549646778584,0.9795435577966667;"{""coordinates"": [0.979543557796667, 49.404549646778584], ""type"": ""Point""}";ENV_ARBRE_REMARQUABLE.6;6;Le chêne Gadeau de Kerville;Forêt domaniale de Roumare;Chêne sessile - Quercus petraea;104 cm;26 m;120/150 ans;206.0;https://sigapp.metropole-rouen-normandie.fr/files/s/arbres/photos/ROUMARE/R11_Ch-GdeKerville_C.Savary-ONF_redim.jpg;https://sigapp.metropole-rouen-normandie.fr/files/s/arbres/descriptifs/ROUMARE/ch_gdekerville.pdf;"49° 24' 16,379"" N / 0° 58' 46,357"" E";0.97954356;49.40454965;Feuillu;Informations supplémentaires sur le pupitre en forêt
49.40444454760046,0.986275038703544;"{""coordinates"": [0.986275038703544, 49.40444454760046], ""type"": ""Point""}";ENV_ARBRE_REMARQUABLE.7;7;Les arbres de l'alliance;Forêt domaniale de Roumare;Hêtre commun – Fagus sylvatica, Chêne sessile - Quercus petraea;90 cm;30 m;90/120 ans;225.0;https://sigapp.metropole-rouen-normandie.fr/files/s/arbres/photos/ROUMARE/R09_Arbres-Alliance_C.Savary-ONF_redim.JPG;https://sigapp.metropole-rouen-normandie.fr/files/s/arbres/descriptifs/ROUMARE/arbres_alliance.pdf;"49° 24' 16,000"" N / 0° 59' 10,590"" E";0.98627504;49.40444455;Feuillu;
49.323182104835695,0.8873650015132527;"{""coordinates"": [0.887365001513253, 49.323182104835695], ""type"": ""Point""}";ENV_ARBRE_REMARQUABLE.10;10;Le hêtre à oreilles;Forêt domaniale de La Londe-Rouvray;Hêtre commun – Fagus sylvatica;113 cm;35 m;120/150 ans;440.0;https://sigapp.metropole-rouen-normandie.fr/files/s/arbres/photos/LLR/LLR02_H.Oreilles_C.Savary-ONF_redim.JPG;https://sigapp.metropole-rouen-normandie.fr/files/s/arbres/descriptifs/LLR/h_oreilles.pdf;"49° 19' 23,456"" N / 0° 53' 14,514"" E";0.887365;49.32318211;Feuillu;
49.321883963383854,0.8851463372298213;"{""coordinates"": [0.885146337229821, 49.321883963383854], ""type"": ""Point""}";ENV_ARBRE_REMARQUABLE.11;11;Les pionniers;Forêt domaniale de La Londe-Rouvray;Douglas – Pseudotsuga menziesii;62 à 94 cm;35 à 38 m;120/150 ans;451.0;https://sigapp.metropole-rouen-normandie.fr/files/s/arbres/photos/LLR/LLR03_Les-pionniers_C.Savary-ONF_redim.JPG;https://sigapp.metropole-rouen-normandie.fr/files/s/arbres/descriptifs/LLR/les_pionniers.pdf;"49° 19' 18,782"" N / 0° 53' 6,527"" E";0.88514634;49.32188396;Résineux;
49.32217941149131,1.0111609338993541;"{""coordinates"": [1.011160933899354, 49.32217941149131], ""type"": ""Point""}";ENV_ARBRE_REMARQUABLE.12;12;Le hêtre de la Roche Fouet;Forêt domaniale de La Londe-Rouvray;Hêtre commun – Fagus sylvatica;40 cm;22 m;40/60 ans;458.0;https://sigapp.metropole-rouen-normandie.fr/files/s/arbres/photos/LLR/LLR08_H.Roche-Fouet_C.Savary-ONF_redim.JPG;https://sigapp.metropole-rouen-normandie.fr/files/s/arbres/descriptifs/LLR/h_roche_fouet.pdf;"49° 19' 19,846"" N / 1° 0' 40,179"" E";1.01116093;49.32217941;Feuillu;Informations supplémentaires sur le pupitre en forêt
49.49262400821896,1.0932512727620454;"{""coordinates"": [1.093251272762045, 49.49262400821896], ""type"": ""Point""}";ENV_ARBRE_REMARQUABLE.1;1;Les 5 frères;Forêt domaniale Verte;Sapin de Vancouver – Abies grandis;110 cm;39 m;50 ans;73.0;https://sigapp.metropole-rouen-normandie.fr/files/s/arbres/photos/VERTE/V13_Cinq-Freres_C.Savary-ONF_redim.JPG;https://sigapp.metropole-rouen-normandie.fr/files/s/arbres/descriptifs/VERTE/cinq_freres.pdf;"49° 29' 33,446"" N / 1° 5' 35,705"" E";1.09325127;49.49262401;Résineux;
49.4898735159522,1.1059828754934191;"{""coordinates"": [1.105982875493419, 49.4898735159522], ""type"": ""Point""}";ENV_ARBRE_REMARQUABLE.2;2;Les hêtres de la Bretèque;Forêt domaniale Verte;Hêtre commun – Fagus sylvatica;110 cm;39 m;120/150 ans;46.0;https://sigapp.metropole-rouen-normandie.fr/files/s/arbres/photos/VERTE/V12_H.Breteque_C.Savary-ONF_redim.JPG;https://sigapp.metropole-rouen-normandie.fr/files/s/arbres/descriptifs/VERTE/h_breteque.pdf;"49° 29' 23,545"" N / 1°6' 21,538"" E";1.10598288;49.48987352;Feuillu;Groupe d’arbres. Informations supplémentaires sur le pupitre en forêt.
49.4617796197621,1.0197548102926872;"{""coordinates"": [1.019754810292687, 49.4617796197621], ""type"": ""Point""}";ENV_ARBRE_REMARQUABLE.4;4;Le pin Arsène;Forêt domaniale de Roumare;Pin sylvestre – Pinus sylvestris;75 cm;40 m;110/120 ans;98.0;https://sigapp.metropole-rouen-normandie.fr/files/s/arbres/photos/ROUMARE/R01_P.Arsene_C.Savary-ONF_redim.JPG;https://sigapp.metropole-rouen-normandie.fr/files/s/arbres/descriptifs/ROUMARE/p_arsene.pdf;"49° 27' 42,407"" N / 1° 1' 11,117"" E";1.01975481;49.46177962;Résineux;
49.401254874229096,0.9949438812743109;"{""coordinates"": [0.994943881274311, 49.401254874229096], ""type"": ""Point""}";ENV_ARBRE_REMARQUABLE.8;8;Le hêtre échelle;Forêt domaniale de Roumare;Hêtre commun – Fagus sylvatica;94 cm;30 m;75/90 ans;242.0;https://sigapp.metropole-rouen-normandie.fr/files/s/arbres/photos/ROUMARE/R13_Hetre-Echelle_C.Savary-ONF_redim.JPG;https://sigapp.metropole-rouen-normandie.fr/files/s/arbres/descriptifs/ROUMARE/hetre_echelle.pdf;"49°24' 4,518"" N / 0° 59' 41,798"" E";0.99494388;49.40125487;Feuillu;
49.38468218524206,0.9667982625343834;"{""coordinates"": [0.966798262534383, 49.38468218524206], ""type"": ""Point""}";ENV_ARBRE_REMARQUABLE.9;9;Les charmes couchés des Boscs;Forêt domaniale de Roumare;Charme commun – Carpinus betulus;44 à 68 cm;8 à 10 m;75/90 ans;330.0;https://sigapp.metropole-rouen-normandie.fr/files/s/arbres/photos/ROUMARE/R19_Charmes-Boscs_C.Savary-ONF_redim.JPG;https://sigapp.metropole-rouen-normandie.fr/files/s/arbres/descriptifs/ROUMARE/charmes_boscs.pdf;"49° 23' 4,856"" N / 0° 58' 0,474"" E";0.96679826;49.38468219;Feuillu;
49.340636061801284,1.057818960703583;"{""coordinates"": [1.057818960703583, 49.340636061801284], ""type"": ""Point""}";ENV_ARBRE_REMARQUABLE.13;13;Le chêne à Madame;Forêt domaniale de La Londe-Rouvray;Chêne pédonculé - Quercus robur;105 cm;28 m;plus de 150 ans;604.0;https://sigapp.metropole-rouen-normandie.fr/files/s/arbres/photos/LLR/LLR11_Chene a Madame_A.Lebelleguy-ONF_redim.jpg;https://sigapp.metropole-rouen-normandie.fr/files/s/arbres/descriptifs/LLR/chene_a_madame.pdf;"49° 20' 26,290"" N / 1° 3' 28,148"" E";1.05781896;49.34063606;Feuillu;Informations supplémentaires sur le pupitre en forêt
